Residue,Weight,Odd,lower,upper
L2I,0.000960384,4.38940508,0.624063958,31.3601888
L2,-0.0101175491,0.041501775,0.001777677,0.9749408
D3N,0.041822043,2.15846656,0.505201248,9.23428656
D3E,-0.0106684079,5.19428242,1.25367964,21.5328598
D3A,-0.223893728,0.15883765,0.0840339478,0.300237838
G4E,-0.0423983749,0.583232756,0.035414988,10.2878158
I5M,-0.009671004,1.43262141,0.148911696,17.803499
I5V,-0.028004187,0.6867725,0.03644301,12.9423
D6E,0.0176303038,0.993267988,0.175334624,5.64597772
D6,0.0048877405,0.299664104,0.017494622,6.1263308
D6G,-0.0044501265,2.9616738,0.650989288,13.4904468
D6N,-0.1199833488,0.408254,0.02297371,7.254872
K7E,0.0015709319,0.8857143,0.04510098,17.39408
K7Q,-0.0267726591,0.59815299,0.032300193,11.07869
K7R,-0.0413603741,0.474165296,0.0912953278,2.4876219
K7,-0.0616770596,0.580685188,0.0978570976,3.47817552
D10G,-0.024908404,0.71504353,0.0421811458,12.9563076
D10K,-0.1286675223,0.8857143,0.04510098,17.39408
E11G,0.0483970481,2.12971466,0.331674182,13.7144564
E11,0.0276880574,0.858169832,0.041867723,17.72090822
E11D,-0.1053620283,0.271299996,0.05417871,1.37665148
H12R,-0.0310455592,0.922174774,0.0520216944,17.4213746
E13,0.0060463653,0.663297576,0.037006281,13.09502886
E13D,-0.0266811246,0.54967612,0.0563199602,7.09041132
E13K,-0.0321390399,0.4725275,0.02622999,8.512477
E13G,-0.0424479654,2.100324,0.3233498,13.64268
K14R,0.0185880026,1.30059094,0.700396742,2.41515512
K14,-0.0299972269,0.647219044,0.361636736,1.15832426
H16R,0.0061985619,3.96357084,0.527959334,29.9450624
S17G,0.0555790853,3.803883,0.4919201,29.41439
S17N,0.0218747129,1.05021638,0.586243912,1.88139344
S17,-0.0176020968,0.831569902,0.4489162,1.54041416
S17T,-0.0257423792,0.613344906,0.0330103902,11.398166
N18S,0.0056258964,1.0072492133,0.068170028,17.485062
R20,0.009169122,0.57891393,0.093335513,3.59466396
R20G,0.0024653426,6.14844952,1.06453004,35.5977598
R20K,-0.0644603255,0.454069102,0.168880732,1.22215394
A21,0.0680882694,0.78592519,0.24517642,2.52328128
A21T,0.0028116272,1.32130732,0.616721882,2.83109896
A21S,-0.0185150277,0.46610015,0.025904362,8.3867165
M22V,-0.0106664295,0.49197911,0.0304849182,8.51700102
M22I,-0.0164572894,0.8857143,0.04510098,17.39408
A23V,0.0436888539,1.50165,0.3662974,6.156072
A23,-0.0186485609,0.0449436838,0.001880949,1.079012864
S24,0.0269220959,1.21926987,0.32225016,4.62598038
S24N,0.0017054474,0.75371762,0.244706788,2.32608436
S24G,-0.0027138978,1.46532998,0.24528501,8.78154084
D25E,0.07305389,0.764133054,0.201981622,2.8975478
D25G,-0.0097537575,3.803883,0.4919201,29.41439
D25,-0.0607065896,0.226094944,0.0313248082,1.65287346
N27D,0.0028873739,0.8857143,0.04510098,17.39408
N27,-0.0041581453,0.474442718,0.019268009,11.7541136
N27S,-0.0076767644,0.71504353,0.0421811458,12.9563076
L28P,0.0110447654,2.15910532,0.339998564,13.7862328
L28I,-0.0568597188,0.584189212,0.1111381,3.10161146
L28,-0.0569393113,0.165393152,0.0186959916,1.50504448
P30A,-0.0211961642,0.922174774,0.0520216944,17.4213746
V31I,0.0341657743,0.97197631,0.539052126,1.75259576
V31,0.0240702932,1.027101688,0.57190944,1.84459218
V32,0.0487067767,1.24758918,0.087941156,20.72067216
V32I,-0.0642084825,0.284856738,0.0358543648,3.06498938
K34,0.0432868069,0.317928158,0.0723736714,1.404599372
K34R,-0.0547936635,1.7935292,0.680324246,4.73150854
E35,0.0166957232,1.70691721,0.0997582092,30.50254696
E35Q,-0.015475695,1.128810212,0.129771364,12.78294
E35K,-0.0671002446,0.4418656,0.0304974496,7.26010176
I36V,0.0501139371,3.803883,0.4919201,29.41439
V37,0.0038356985,0.555079096,0.036192951,10.10525106
V37I,-0.0103853978,0.80320487,0.0985637694,8.58938534
S39,0.0659723857,0.757376424,0.263671328,2.1760526
S39R,0.0310969333,11.6418234,1.54671572,87.818145
S39N,-0.0462438842,0.804992634,0.290192214,2.23424442
S39C,-0.0762054688,0.57884754,0.110141726,3.07260764
C40R,-0.0192133516,6.465347,1.092574,38.25893
D41G,0.0570588238,1.99807584,0.315248544,12.7040138
D41S,0.0046117952,0.8857143,0.04510098,17.39408
D41N,-0.0342155347,0.552052392,0.147798952,2.06541076
D41E,-0.0365099726,0.5601732,0.0305247,10.28
D41,-0.0696545463,0.84478242,0.14386802,4.9608514
K42R,0.0283468857,1.248544,0.2110672,7.385616
Q44R,0.2948125102,3.5738788,0.949150568,13.4654028
Q44,-0.0043961567,0.793159752,0.037982277,16.68276222
Q44H,-0.1005265866,0.2888889,0.01667691,5.004333
L45I,-0.0080194376,0.3591036,0.02042082,6.314899
L45Q,-0.0151780899,1.16005378,0.29650628,4.54848376
L45,-0.0189181593,0.79433901,0.134875174,4.6837245
L45V,-0.0252215848,1.9454548,0.30402552,12.453924
K46E,-0.0866765111,0.922174774,0.0520216944,17.4213746
G47E,-0.0104743484,0.8857143,0.04510098,17.39408
E48G,0.0325869112,2.47724604,0.561811546,10.9303886
E48K,-0.0739521502,0.346671192,0.0244608984,5.58733808
A49V,0.0041750995,3.803883,0.4919201,29.41439
M50I,0.1067671735,1.60009608,0.781640472,3.2757176
M50R,0.0608256251,3.803883,0.4919201,29.41439
M50T,-0.0200370905,0.312673148,0.0222379416,5.00468636
M50,-0.0915984918,0.713440296,0.34969149,1.45560164
M50L,-0.1685282006,0.585999892,0.27223439,1.26161904
M50V,-0.1702535526,1.14433388,0.20402096,6.47679964
H51,-0.0149400132,0.0410715364,0.001764768,0.961931792
H51R,-0.0192893513,1.90822234,0.307764334,11.9080154
H51N,-0.0239739405,3.803883,0.4919201,29.41439
V54A,0.0797049958,5.81086998,1.033591046,32.8018358
V54,-0.0108842437,0.041501775,0.001777677,0.9749408
V54I,-0.0376899701,1.78032488,0.431834512,7.3558125
D55N,-0.0218582094,0.560444874,0.0342983634,9.82825982
C56R,0.0002754825,0.862260462,0.0485880436,16.2506248
C56S,-0.0257034375,0.651324696,0.0347858832,12.196856
C56Y,-0.0393783304,0.42564563,0.023835983,7.6016826
S57G,-0.0491984858,1.89345226,0.319463802,11.41821384
S57N,-0.0652269092,0.4418656,0.0304974496,7.26010176
P58L,-0.0114936465,0.8857143,0.04510098,17.39408
G59E,-0.028641769,2.12971466,0.331674182,13.7144564
I60,0.0443699561,1.07584692,0.547564498,2.11391406
I60M,0.0272104491,0.830567236,0.447418484,1.54185286
I60V,0.0101520214,2.08668014,0.766416596,5.68238798
I60T,0.0028096527,0.8857143,0.04510098,17.39408
I60L,-0.0039534264,0.4586714,0.0342593194,7.26271664
W61R,-0.0114936826,0.922174774,0.0520216944,17.4213746
L63I,0.0646630145,1.88261688,0.447784982,7.9207034
L63V,0.0591128926,3.04990288,0.830418048,11.2041282
L63,-0.0104709084,0.0427924908,0.001816404,1.013967824
L63M,-0.0492165141,0.71504353,0.0421811458,12.9563076
D64N,0.0558051898,3.803883,0.4919201,29.41439
C65R,0.1271703608,54.5769076,2.8496894,1045.661212
T66A,0.0491896179,6.57610684,1.11978744,38.6524856
T66K,0.0071520889,3.41905428,0.463619818,25.3290488
T66,-0.0257454521,0.05225774,0.002100402,1.300166
H67R,0.0060801222,4.38940508,0.624063958,31.3601888
L68V,0.0071548695,2.12971466,0.331674182,13.7144564
E69K,-0.0578631398,0.83246967,0.107767534,8.32191462
G70E,0.2166649832,3.11433554,0.975063578,9.94717948
G70V,-0.0544261088,0.209641752,0.0178656296,3.04148376
K71E,0.0032566616,0.8857143,0.04510098,17.39408
K71R,-0.0095521464,4.3361758,0.61205088,31.183298
V72G,0.0551178923,1.24851632,0.310923632,5.01375688
V72S,0.0483775213,2.89997278,0.920529554,9.13781026
V72I,-0.0295821257,1.40844994,0.78133382,2.53890672
V72R,-0.066739338,2.69812516,0.962508716,7.5666834
V72,-0.1243831761,0.367277256,0.173917864,0.77566242
I73V,0.1670673003,3.55669568,0.737461888,17.1542394
I73R,0.064265482,9.18566334,1.7747154,47.5753144
I73M,-0.0235062637,0.424267062,0.214444182,0.839455452
I73S,-0.0663858235,1.66127366,0.873922528,3.15808436
L74R,0.0715836463,4.6227139,0.892749634,23.9512588
L74M,0.0482993017,4.3746042,1.43676072,13.3204958
L74,0.0361518378,0.366660974,0.130525058,1.030195748
L74I,0.0116435544,2.19047594,0.800296078,5.9968074
L74G,0.0014767881,0.857862448,0.0438888642,16.7708308
L74W,-0.0021215266,0.6867725,0.03644301,12.9423
L74V,-0.1803748105,0.2065681,0.01213793,3.515461
V75A,0.0937535242,2.59287962,0.383765308,17.5757086
V75I,0.0161510487,2.47724604,0.561811546,10.9303886
V75,-0.0163054069,0.05225774,0.002100402,1.300166
A76S,-0.0599745722,0.4250598,0.0267355798,7.25748688
V77A,0.0249869669,3.803883,0.4919201,29.41439
V77I,0.0069940182,4.6227139,0.892749634,23.9512588
H78Q,0.0196330653,2.78454688,0.410864056,18.9672252
V79I,0.0482452468,16.0461092,2.35734126,109.4882368
V79A,-0.011943105,0.7862434,0.040771995,15.16819
V79,-0.0127633975,0.0266323398,0.0014257841,0.527835584
A80S,-0.0759788017,0.6867725,0.03644301,12.9423
G82D,-0.0002420773,0.5601732,0.0305247,10.28
G82V,-0.0385118666,0.918195938,0.051848535,17.332339
G82S,-0.0442221052,0.918195938,0.051848535,17.332339
Y83D,0.0075715157,3.7819801,0.489904432,29.2012784
Y83F,0.0029267833,0.914217102,0.0516753756,17.2433034
Y83C,0.0006740508,0.64450781,0.0344632566,12.05501354
I84L,0.0975165927,2.20789318,0.643740646,7.5812377
I84M,-0.0545640595,0.625040614,0.201555638,1.94002958
I84,-0.0743379212,0.03074581,0.001454952,0.6497156
E85K,-0.0333468154,0.8857143,0.04510098,17.39408
A86S,-0.050147347,0.49005664,0.027088932,8.8659816
V88A,0.0414079482,3.803883,0.4919201,29.41439
V88I,0.019712161,3.803883,0.4919201,29.41439
V88G,-0.0245824505,0.558420286,0.0304388058,10.24464954
V88F,-0.032363161,0.330973044,0.0212783598,5.54012602
I89S,0.2041292799,2.24680648,0.975709658,5.17410646
I89V,0.000384949,0.8857143,0.04510098,17.39408
I89M,-0.1550162649,0.38436116,0.0757219272,1.97645388
P90,0.0232233436,0.8039816,0.03806361,16.98174
P90T,0.0199048049,3.83520938,0.50191751,29.3781692
P90S,-0.0232449574,1.4613987,0.244726826,8.7544796
E92G,0.0164387341,4.6227139,0.892749634,23.9512588
T93,0.0096214337,0.8039816,0.03806361,16.98174
T93A,-0.0478073146,2.708738,0.3911367,18.75881
Q95R,-0.0050410723,3.4634088,0.76278193,15.8113684
Q95H,-0.0161329672,0.71504353,0.0421811458,12.9563076
Q95,-0.0218330003,0.147250096,0.0252822148,0.859073904
E96D,-0.051339557,0.178873334,0.0130588862,2.79301958
T97A,0.1789797391,4.12669424,2.1144952,8.0538445
T97S,-0.0268769128,0.8857143,0.04510098,17.39408
T97,-0.0506480674,0.01640453,0.0008696203,0.3094554
A98,0.0028913962,1.129032,0.05749084,22.17247
A98G,-0.025142085,0.4725275,0.02622999,8.512477
Y99H,0.0025644433,0.943326488,0.0664655514,16.0388278
Y99,-0.0073490613,0.0509157144,0.0022761148,1.200905216
Y99F,-0.0769922915,1.73176294,0.28150143,10.68610136
F100L,0.1030394066,1.94537824,0.81831949,4.62529302
F100,0.0587073492,5.75436104,0.350492408,96.2576424
F100C,0.020760009,3.91034156,0.515946256,29.7681716
F100Y,-0.0508929951,0.448537456,0.0854634886,2.3706068
L101F,0.0720955852,3.803883,0.4919201,29.41439
L101M,-0.0105340025,1.5106596,0.37034445,6.16698072
L101I,-0.0249899467,0.99289131,0.53245137,1.85152788
L101,-0.091739991,0.699760764,0.375895236,1.3026765
L102V,-0.0301442196,0.393616832,0.074525864,2.08685846
K103R,-0.0697022877,0.827589594,0.158369972,4.39672262
L104V,-0.0586643982,0.903459798,0.16336573,5.02936452
G106A,0.117229329,1.98442654,0.836809114,4.70686212
G106E,-0.0022323023,2.708738,0.3911367,18.75881
G106,-0.0046115596,0.0518275014,0.002087493,1.287156992
R107G,-0.000219893,3.30693658,1.029260244,10.62918134
R107K,-0.0202311662,0.922174774,0.0520216944,17.4213746
P109S,0.0712556011,3.85711228,0.503933178,29.5912808
V110I,-0.0107906665,0.583232756,0.035414988,10.2878158
K111Q,0.0736157664,2.4495251,0.55315788,10.84726342
K111,-0.0084111467,0.1560802912,0.0195219606,1.268130496
K111T,-0.0253054466,0.54328106,0.0329966186,9.55236272
K111R,-0.1503192958,0.345316686,0.073715161,1.6593703
T112A,0.0257678836,1.37394218,0.34081629,5.54304334
T112V,0.0110602173,0.612947106,0.231161818,1.62580752
T112K,0.0001247519,0.6867725,0.03644301,12.9423
T112,-0.0170937607,1.93416352,0.71692176,5.21957854
T112M,-0.0388200302,0.36161705,0.023139073,6.08602778
T112I,-0.0554378993,0.420967172,0.170335326,1.041075236
I113L,0.0048917769,3.803883,0.4919201,29.41439
I113K,-0.0114935873,0.958635248,0.0589424088,17.4486692
I113V,-0.0462709391,0.789164236,0.302407436,2.05989994
I113A,-0.050480286,0.954656412,0.0587692494,17.3596336
I113,-0.1338290666,0.589846248,0.302400016,1.15058526
H114R,-0.0243480182,0.91598325,0.1235351546,8.58946822
T115S,0.0533607815,2.708738,0.3911367,18.75881
T115A,-0.0159810619,0.659192336,0.038965974,11.8851958
D116G,0.0092937586,2.1613148,0.508814544,9.19839124
N117S,0.1375018442,3.60043516,0.749217342,17.3123626
S119R,0.0498901026,5.457357,1.514518,19.66484
S119G,-0.0128416438,0.558420286,0.0304388058,10.24464954
S119T,-0.0178470225,0.637070472,0.220163626,1.85115298
S119P,-0.0371795506,2.51594018,1.035987228,6.11065902
S119,-0.0538690466,0.20321909,0.0840451414,0.4913962
F121L,-0.0514692893,1.39849822,0.235795882,8.32149976
T122I,-0.0159457348,0.678732284,0.122492184,3.76087872
T122A,-0.0182134476,0.8857143,0.04510098,17.39408
G123S,-0.0032823293,0.493838624,0.0200828868,12.1633176
A124T,0.0592779575,0.615352614,0.224847476,1.68518274
A124S,0.051936568,1.197684,0.36985131,3.8806472
A124V,0.0045114334,0.8857143,0.04510098,17.39408
A124G,-0.0245353776,0.37620654,0.0262613554,6.11291964
A124N,-0.0330076913,0.591720226,0.161343146,2.17931618
A124,-0.0758749247,0.915318108,0.379581834,2.2077545
T125V,0.0742495109,1.2979518,0.22747605,7.47174242
T125,0.0235895065,0.939613652,0.429785302,2.05448328
T125A,-0.1689042369,0.44809615,0.175533768,1.143981288
V126F,-0.0074475184,1.11064736,0.616292658,2.00155016
V126,-0.0289562839,0.229171728,0.1034315876,0.507778846
V126I,-0.0379100997,0.808654558,0.051580885,14.2658902
V126M,-0.0507538927,0.3878926,0.0271166366,6.30319708
R127,-0.0010036798,0.646627744,0.1172409366,3.76493654
A128R,0.0483016095,6.88578925,1.018586775,47.385375
A128K,-0.0034520629,3.803883,0.4919201,29.41439
A128S,-0.0147009347,0.684240514,0.0363246438,12.889054
A128,-0.0615399679,0.1564839878,0.0083603422,3.4145539667
A129S,0.1532486093,24.7303042,5.86433712,104.3650552
A129K,-0.0109886719,1.1287841267,0.091239076,17.576044
C130R,0.0234219872,3.803883,0.4919201,29.41439
W131L,0.0082383338,2.708738,0.3911367,18.75881
W132L,-0.0143490021,0.842598054,0.0485585064,15.6406626
W132C,-0.02061762,0.48483314,0.083227878,3.2461268
W132R,-0.1206986332,0.64337146,0.042033001,11.10162042
A133E,0.0148287712,1.11817726,0.1762475272,8.04078888
A133T,-0.0172898942,0.711640626,0.041289399,13.0417818
A133S,-0.0249593942,2.69656972,0.389780962,18.6564874
G134S,0.1891133687,1.88710242,0.555872074,6.41020968
G134H,-0.0149248407,3.074340825,0.38021532,26.4093125
G134N,-0.0319581982,1.72242592,0.961402812,3.08585816
G134,-0.0748363914,0.571209638,0.31839387,1.024772688
G134D,-0.1497112178,0.542825258,0.177783258,1.66010718
I135F,0.1305686795,125.854168,7.14210418,2217.73404
I135,0.0158434164,0.254581182,0.120175212,0.539355866
I135V,0.011607588,1.6505056,0.916655876,2.97186318
I135L,-0.0267125288,0.8857143,0.04510098,17.39408
K136,0.0335055388,1.2136108,0.677971072,2.17244256
K136N,0.0173251757,2.06053422,0.566531212,7.53162518
K136R,0.0091241139,0.779589926,0.141084324,4.32320298
K136T,0.0004999917,1.32069448,0.221135264,7.88944744
K136Q,-0.0211638471,0.795430332,0.443925736,1.42526094
K136H,-0.026043588,0.71504353,0.0421811458,12.9563076
Q137,-0.0033031717,0.480916,0.01933369,11.96255
E138K,-0.0202633134,3.803883,0.4919201,29.41439
E138,-0.0432875364,0.05225774,0.002100402,1.300166
F139Y,-0.014544868,3.41162995,0.461703968,26.48611
F139,-0.0235758489,0.70730644,0.053609997,11.3210874
G140,-0.0432875364,0.05225774,0.002100402,1.300166
G140E,-0.0464919725,0.8857143,0.04510098,17.39408
Y143,-0.1027377848,0.05225774,0.002100402,1.300166
Q146R,0.0011406666,0.679176542,0.0360879114,12.782562
S147G,-0.0309558007,4.56259588,0.878530532,23.6996824
S147,-0.037514821,0.05225774,0.002100402,1.300166
Q148K,0.1313659133,15.18957532,2.20930008,104.6362328
Q148R,0.004769983,34.54408346,2.30288886,605.5138424
Q148,-0.0456007791,0.0223914204,0.0012603621,0.42357088
G149E,0.0038632026,0.877756628,0.0447546612,17.2160088
V150I,-0.0391459003,0.681708528,0.0362062776,12.835808
V151I,0.2221426518,25.6553104,7.4416448,88.4618348
V151,-0.0440630557,0.0218668516,0.0014695162,0.37888093
E152K,-0.1756678695,0.154841844,0.0092004624,2.605957
S153A,-0.0002860231,0.553628988,0.0302018918,10.14879652
M154T,-0.0273659076,0.873777792,0.0445815018,17.1269732
M154I,-0.1181650353,0.538936734,0.142783204,2.03422662
N155H,0.2309407612,35.7735888,8.82041392,145.201706
N155D,0.0197256041,6.42811926,1.088408932,37.9731352
N155,-0.0682517945,0.0149119286,0.0008864782,0.267455816
K156N,-0.0053136082,1.713151,0.2750391,10.67079
K156R,-0.0197211877,2.90267932,0.632622072,13.318737
E157Q,0.032491398,2.92304124,0.798771776,10.69790874
E157,0.0283203423,0.823484624,0.0392292438,17.2931838
E157K,-0.0657977235,0.47051329,0.08701494,2.5442021
K159R,0.0443838439,1.43331416,0.237301848,8.65749428
K159N,-0.0978118231,0.681708528,0.0362062776,12.835808
K160,0.0262962308,0.493838624,0.0200828868,12.1633176
K160Q,0.0038293549,2.3827061,0.54066768,10.50169762
K160R,-0.0209774841,0.40333896,0.022718421,7.1608747
I162V,0.0314979572,6.31643604,1.075913728,37.1157508
I162M,-0.0565396017,0.504031832,0.027766565,9.15038254
G163R,0.3474430426,19.854146,5.6464805,69.862491
G163E,-0.0136113747,0.66145264,0.035259348,12.40984
G163,-0.0440792667,0.0505504772,0.0072177051,0.398512686
Q164R,-0.029130804,1.201709304,0.2041203,7.07527856
V165I,0.2473292612,2.99140266,1.26164242,7.09278434
V165,0.0623305183,0.320679626,0.0687982144,1.4961242
V165L,-0.0002849724,0.8857143,0.04510098,17.39408
R166K,-0.0417848146,0.46738562,0.0259694876,8.4118686
R166G,-0.0612050107,0.684240514,0.0363246438,12.889054
D167,0.0578692816,2.23614564,1.15689364,4.32240324
D167G,0.0548723133,1.7221371,0.509367372,5.82258698
D167E,0.0166469734,0.41695466,0.231438656,0.751176228
E170G,0.0043941863,0.877756628,0.0447546612,17.2160088
E170K,0.0037472686,0.681708528,0.0362062776,12.835808
H171Q,0.0065694044,3.7162714,0.483857428,28.5619436
H171,-0.0065693638,0.165702884,0.0174854256,1.58009968
H171R,-0.0248834013,0.841947104,0.0431962266,16.4146884
K173R,0.0406301919,1.24145056,0.5951275,2.58969946
K173,0.0127217227,0.371123398,0.120138069,1.146926358
T174A,-0.0275756497,0.357551488,0.0203386308,6.28574212
V176L,-0.00394208,2.68440144,0.388425224,18.5541648
Q177,-0.0028871809,0.480916,0.01933369,11.96255
M178V,-0.0126694136,0.8857143,0.04510098,17.39408
A179V,0.0674544738,3.803883,0.4919201,29.41439
A179T,0.0046117968,0.873777792,0.0445815018,17.1269732
F181L,0.0199230699,0.582939402,0.15384851,2.20878792
F181,-0.0032571532,1.3124657,0.0685969066,25.1295312
I182V,0.034131745,1.42152032,0.235627296,8.57631056
I182,-0.0046116534,0.480916,0.01933369,11.96255
H183R,0.1002176442,3.6286598,0.475794756,27.7094972
R187G,0.0157026484,2.45634192,0.665423318,9.1003341
R187K,0.0046116524,3.7600772,0.487888764,28.9881668
K188R,-0.0184502265,0.544331836,0.0997957644,2.96904336
K188,-0.0576223394,0.0543576232,0.0023793868,1.30497728
G189R,0.0434391508,0.8834951,0.1557027,5.013167
I191V,-0.038513973,0.46610015,0.025904362,8.3867165
G192V,-0.0256703673,0.562605314,0.1029162468,3.07558376
G193,0.0133177838,1.53506424,0.08206847,28.71696
G193D,-0.0234856173,0.554914458,0.0302670174,10.17394862
G193R,-0.0348809381,2.35000492,0.66667132,8.28391948
G193E,-0.046417291,0.12795763,0.0076475556,2.1409678
Y194C,0.0629478178,3.15439488,1.09396824,9.09570076
Y194,0.009375696,0.0937621144,0.0122439458,0.719668762
S195C,0.0471668734,3.42226606,0.906360272,12.9234534
S195,0.0362601685,0.226020738,0.0440131782,1.16186334
S195T,-0.0479429878,2.05386324,0.317552516,13.2860532
S195G,-0.0636451903,0.873777792,0.0445815018,17.1269732
G197R,0.0212052558,2.78009688,1.207796098,6.40281664
E198K,0.067640963,2.62922772,1.23480437,5.60009202
E198D,0.0247330262,0.719840434,0.277870914,1.8680727
R199G,0.1487828671,0.8123159,0.352813244,1.87172316
R199A,0.0099736916,3.6943685,0.48184176,28.348832
R199S,-0.0765346218,0.399046222,0.1219637766,1.33426464
I200F,0.0338920719,0.782061194,0.322840804,1.89672584
I200L,0.0129104279,3.7600772,0.487888764,28.9881668
V201G,0.0168465172,10.3742567,1.3668085,79.074218
V201I,-0.0078159779,0.534707272,0.022998341,12.66741022
V201M,-0.0176604435,3.7381743,0.485873096,28.7750552
V201,-0.0220239776,0.448101998,0.0282576888,7.65995646
D202G,0.1891657715,2.06579552,0.483892052,8.82590204
I203M,0.2039652918,4.02120506,1.64243914,9.84646404
I203,0.0154024205,0.0690528064,0.0080417666,0.693284242
I204L,0.0262083986,1.69837632,0.2805975,10.3425418
I204M,-0.0049083882,2.72510508,0.40988183,18.252852
A205,0.0232235077,0.474442718,0.019268009,11.7541136
A205S,-0.0474393011,0.390369084,0.02983035,6.07447522
T206A,0.1844266318,3.38442544,0.969813108,11.83776152
T206,0.0291864957,1.293136816,0.339961598,4.92728124
T206S,-0.0747061608,0.400574986,0.154995636,1.037695404
D207,-0.0137580547,0.56048167,0.026972201,12.61704918
D207G,-0.035890657,1.065002568,0.183773556,6.17210576
D207E,-0.0923187034,0.296593976,0.0240866954,4.57630904
I208L,0.1114696131,2.44550094,1.19675518,4.9975086
I208V,0.0800285011,2.7723786,0.409508318,18.8649026
I208M,-0.0188001799,1.51246998,0.526465652,4.34855364
I208,-0.0644169668,0.1029966898,0.0272772584,0.390019564
T210I,-0.013719056,0.374580866,0.0259753054,6.10667402
K211N,0.164930539,18.792494,3.00571086,118.5677352
K211,0.0224228626,0.435227796,0.189112058,1.00174106
K211Q,0.0036017828,0.861841284,0.0440620236,16.8598664
K211T,0.0006438052,0.942719904,0.0582497712,17.0925268
K211R,-0.0691152794,1.086305196,0.529012026,2.23091292
E212L,0.0732505104,8.50239818,1.74314474,41.772576
E212Q,-0.001677692,0.859003234,0.0439125564,16.80705954
E212A,-0.0066874372,1.73176294,0.28150143,10.68610136
E212G,-0.0156111315,0.679176542,0.0360879114,12.782562
E212,-0.0228846854,0.0966014372,0.0157302519,0.610199274
K215E,-0.0210880105,0.869798956,0.0444083424,17.0379376
K215N,-0.0305349544,0.330522068,0.025335921,5.11607586
Q216H,0.1074901251,2.30503106,0.658174742,8.07495694
Q216N,0.0049952194,2.83667584,0.632545576,12.74829254
Q216,-0.0623395858,0.1253286258,0.0312403202,0.503791236
Q216K,-0.1118887153,0.311228372,0.1517242,0.638874208
I217V,0.0358090351,2.6557499,0.401563844,17.7088078
I217,-0.0674038799,0.0623269174,0.0034824168,1.311213392
T218L,0.1246494948,1.280547012,0.224891544,7.35652586
T218S,0.1093146558,2.48632744,1.15537316,5.35110956
T218A,0.0006472157,3.6943685,0.48184176,28.348832
T218I,-0.007479459,0.558419486,0.224510544,1.3900343
T218,-0.0193143658,0.561627746,0.2521538,1.2513473
K219,0.051336583,0.796334256,0.1358328812,4.67739346
K219N,0.0079574683,1.085251472,0.419324298,2.80936506
K219Q,-0.0158990008,0.315384156,0.0181013428,5.49505018
I220M,0.0141186294,3.7162714,0.483857428,28.5619436
I220,0.001716271,0.1622954816,0.0170446944,1.553756198
I220L,0.0011645073,1.47943564,0.25386229,8.69740374
I220V,-0.0165811729,0.615226438,0.044044839,10.08805286
Q221K,0.010877221,0.488564836,0.238292972,1.002007786
Q221,0.0060302958,0.478730126,0.1116615686,2.05330334
Q221R,-0.0231087998,0.433018528,0.0300379294,7.09090662
Q221S,-0.0372265086,0.87890726,0.15719886,4.93119774
N222H,-0.0148019736,0.692255656,0.04111585,12.4770936
N222K,-0.0187711057,0.846559998,0.434444244,1.649727
N222,-0.068574378,0.217719124,0.0772969788,0.613587164
R224Q,-0.0174130259,0.48426629,0.0300941646,8.36608842
V225G,-0.0038380281,1.09801436,0.280312112,4.30776862
V225A,-0.0107129652,0.857862448,0.0438888642,16.7708308
Y226C,-0.036019216,1.73467036,0.769063012,3.91568904
Y227C,0.058065888,4.05409758,1.03643878,15.867255
Y227,0.001445347,1.80862407,0.1062484194,32.12664472
Y227F,-0.049484021,1.64033662,0.837575616,3.21317074
R228G,-0.1698478757,0.386559906,0.0247292266,6.52342274
D229,0.0082210642,1.793465364,0.1070021554,31.6639978
D229Y,-0.0038074712,0.7023836,0.0415893148,12.6900776
D229G,-0.0146343903,3.48603292,0.730765018,16.6445448
D229E,-0.0801155563,0.433018722,0.240643686,0.779182218
S230N,-0.0719323629,0.446151912,0.1039471494,1.98906122
S230R,-0.0846758898,0.48484232,0.1124683352,2.15676616
R231G,0.0480682052,2.3069043,0.42300386,13.04608274
R231K,0.0066740414,1.377320844,0.1671057596,15.81673014
N232,-0.0045585461,6.1718632,1.10297616,34.8593468
N232G,-0.0141213008,1.219110206,0.258122942,6.00555326
N232D,-0.015882756,0.083419397,0.0149591462,0.487974032
N232E,-0.0724823397,1.318382916,0.639839264,2.71865632
L234N,0.1274051946,3.19850972,0.56985961,19.83172672
L234I,-0.0375812479,0.341098842,0.14793182,0.787626498
L234V,-0.0645944916,1.147880776,0.519128694,2.54363138
L234,-0.0889200133,0.441724694,0.188883676,1.036694458
L234M,-0.1049239995,0.902394084,0.353229836,2.32539388
L234S,-0.1686318484,0.918457384,0.363222294,2.3382856
W235,-0.0129699128,0.99868613,0.090638243,14.485209
K236R,0.0343300089,3.92691962,0.665261806,24.991132
G237R,0.1000162944,1.657933096,0.811437508,3.39253376
P238Q,0.1034495434,1.31867324,0.71964998,2.4165803
P238T,-0.0672944919,0.283475478,0.155795926,0.515794208
A239T,0.1029178651,0.500314298,0.276003396,0.906963534
A239K,-0.0046259086,0.553027108,0.0334451562,9.75908458
A239E,-0.0108234233,0.38518609,0.213216374,0.695859576
A239D,-0.1364907773,0.412937018,0.118891875,1.47375194
K240R,0.1422817503,7.4369198,1.582679504,35.3169938
K240Q,0.0274616779,2.478873224,0.400759796,15.77529004
K240,-0.1178835969,0.2442673912,0.033475601,1.889573776
L241I,0.1057774044,1.47562691,0.66207776,3.29599564
L241R,-0.0130033268,0.764929656,0.408149104,1.434067364
L242I,0.1256492174,1.397323092,0.624038116,3.14280504
L242R,0.0298138973,0.832351788,0.441087756,1.57116826
L242P,0.0204077712,2.650662772,0.515915482,14.72336444
L242H,-0.095414911,0.254389582,0.1376180268,0.470342064
W243R,0.1371867223,1.182683958,0.611324642,2.28858822
W243G,-0.0306403382,0.701403068,0.370884,1.32666618
W243C,-0.0801138323,0.336286552,0.178073148,0.635145756
W243,-0.0968361332,0.1340267846,0.0186219897,1.33433707
K244E,-0.0167112995,0.5937487,0.0555464224,8.60159204
K244R,-0.0506313452,0.43662129,0.054716084,4.93516944
G245A,0.1050300876,0.547234944,0.289179306,1.035741558
G245C,-0.0267582746,0.356779674,0.176568042,0.721233086
G245D,-0.0533108481,0.625966542,0.0682461794,7.68599562
G245V,-0.0659892729,0.520725018,0.264492474,1.025787286
E246V,-0.0093101163,0.57153364,0.0443565166,8.949845
E246G,-0.0392572048,0.773718332,0.088663678,8.939015
G247E,0.1047608961,1.338623306,0.66255131,2.70633222
G247W,-0.0255591379,1.064836358,0.514939584,2.20421346
G247R,-0.0263350832,0.82060608,0.042185724,15.971264
G247V,-0.0946814153,0.433007796,0.23415472,0.800800742
A248M,0.0018412023,2.76688016,0.418098384,18.64026852
A248G,-0.0076724294,0.865499048,0.0540288088,15.54861734
A248E,-0.0193141706,0.77081685,0.406180032,1.46303674
A248D,-0.058591043,0.424130782,0.21769993,0.826496856
A248T,-0.1111085968,0.481864336,0.18504471,1.26535447
V249G,0.005282192,0.455670254,0.238982666,0.868998248
V249,0.0009590145,1.764056638,0.1052357374,31.34149732
V249I,-0.0445114955,0.384096376,0.041014182,4.95699234
V250F,0.0427524231,0.429296584,0.216285046,0.85239469
V250E,-0.0010023562,1.094362556,0.491497318,2.43889496
V250G,-0.0105674368,0.67605537,0.0710981902,8.36963868
V250M,-0.0123911693,0.48876516,0.0471630288,6.65117378
V250L,-0.0178632458,2.11565378,0.348740936,13.06174422
V250I,-0.0420877238,0.5737789,0.28010688,1.17583239
I251L,-0.0034798315,0.507128924,0.0552226446,6.7645065
I251M,-0.0104218165,0.747539484,0.0586182346,12.27289666
I251V,-0.011251126,0.503401316,0.045188644,7.22872092
I251R,-0.061250987,1.040338316,0.476839576,2.27112538
Q252R,0.1606244817,1.95282614,0.468560756,8.22544562
Q252K,-0.0005466716,1.077102234,0.473387352,2.45620368
Q252,-0.002962843,0.63048668,0.0309601132,13.76518196
Q252D,-0.0646392071,0.371693638,0.177567198,0.778638312
Q252H,-0.1465011739,0.345749936,0.0434351068,3.72663048
D253G,0.0960105603,5.760481,1.023281774,32.59559942
D253,0.007746982,1.275683662,0.0710895842,23.82950638
D253H,-0.0018348423,1.96904408,0.329182422,11.97238664
D253N,-0.031663729,0.595687858,0.1341748924,2.7291665
D253Y,-0.0489716311,0.635794226,0.045081544,10.51339936
D253E,-0.0626490143,0.50495721,0.272740134,0.93493286
N254,0.0013583312,0.9270615,0.0576075342,17.39098112
N254D,-0.0305021025,0.525760808,0.0342914478,8.96248486
N254K,-0.0381648472,0.521723208,0.289172956,0.941291432
S255,0.0784860919,1.614110444,0.310014022,8.52259302
S255Q,-0.0048664515,0.805119094,0.0467709738,14.86440464
S255K,-0.0319117491,0.210394062,0.0300355976,2.1571908
S255G,-0.0448782867,1.59000933,0.286989794,8.98850764
S255R,-0.0662624924,0.749695276,0.399295182,1.40778586
S255N,-0.1205468794,0.568630818,0.169922178,1.93514244
D256,0.0815986629,0.68955167,0.32615432,1.45844302
D256E,0.0573012354,1.18128742,0.659899982,2.11463172
D256N,0.0072510153,0.501618068,0.0412543624,7.5873356
D256Y,-0.026998893,0.578985688,0.1508474984,2.35969132
D256K,-0.0358827536,1.530961808,0.272046948,8.80444726
I257R,0.0215651251,1.2770795,0.608711938,2.67998108
I257N,0.0025508608,0.927125176,0.178722638,4.91896566
I257K,-0.0502510307,0.659452042,0.344456168,1.26263446
K258N,-0.0123560951,0.90833967,0.0552899748,16.6104136
K258E,-0.0300622462,5.03642332,0.936395842,27.3130606
K258R,-0.0515968177,2.45541648,0.36229187,16.662699
V259I,0.0478944063,1.19911978,0.22958379,6.403501
V259,0.004603874,0.353405134,0.0203442066,7.30123106
V259L,-0.0927166351,0.774066304,0.35545365,1.68832842
V259G,-0.1117207506,0.846686834,0.37367182,1.92233692
V260I,0.0512148496,1.148112374,0.30989721,4.29325214
V260G,-0.0984428718,0.959469736,0.1995572954,4.76095754
P261T,0.0798898706,0.434881546,0.241419676,0.783375172
P261Q,0.0624073851,1.4682491,0.778934418,2.7677781
P261H,-0.0191012924,0.354202522,0.0859589722,1.52780074
P261A,-0.0294095578,0.392508698,0.0520693305,4.05096556
R262K,0.0031583065,0.692935434,0.347951192,1.38019408
R263S,-0.0119851238,0.591451168,0.0479642798,9.05919036
R263K,-0.0155080717,0.535191642,0.04800373,7.6233149
R263G,-0.0306139583,1.154701328,0.486600734,2.74191522
K264E,0.0029778524,0.947117918,0.0629489506,16.5723208
A265,0.0757399678,8.4160168,0.641379672,128.78559892
A265T,0.0061214866,0.913431356,0.0689997608,14.88280104
A265S,0.0009207634,0.714254156,0.0503561698,11.88849952
A265E,-0.0956296092,0.651719958,0.30275129,1.40416656
A265V,-0.148057895,0.33672752,0.1216338336,0.938043196
K266R,0.0525905524,1.037810278,0.187152616,5.8090216
K266N,-0.0574792639,0.860715572,0.178901676,4.24837978
I267,0.0036012839,0.610544858,0.0278756116,13.6757502
I267T,-0.004208341,0.585295298,0.0430218008,9.4203735
I267K,-0.0099605902,0.56502438,0.030482136,10.4860495
I267N,-0.01037893,0.41992404,0.0606943388,4.41092402
I267S,-0.027036814,1.057859894,0.565291268,1.9798648
I267V,-0.0328485062,2.65452102,0.607038352,11.66169346
I267M,-0.0413138564,0.626715694,0.1299133002,3.11040342
I268L,0.0601643132,1.60282738,0.696778266,3.68932596
I268M,0.0437635736,0.753637044,0.387146244,1.46757334
I268R,0.0375345308,2.8961728,0.950212152,8.83986178
I268,0.0112688335,0.383453792,0.0579521736,2.55633608
I268V,-0.0235813901,2.07914504,0.351333042,12.5515684
I268S,-0.15981915,0.21702684,0.1171842764,0.40194208
R269M,0.0723775962,1.181193116,0.525299416,2.65932304
R269G,0.0494368539,2.62806246,0.605645534,11.44425422
R269S,0.0381215081,0.99025438,0.418583014,2.34499706
R269,-0.0522114388,1.044555546,0.184486238,5.92910392
R269K,-0.1409229978,0.32208649,0.1014124534,1.0357045
D270H,0.0749877888,3.06799988,1.082784312,8.69772628
D270,0.0337561629,0.47567548,0.1121318792,2.02211636
D270Q,0.0065844907,2.37632576,0.375855582,15.22566208
D270G,-0.0065770868,2.4225872,0.363005442,16.24717108
D270E,-0.0108607781,1.191895108,0.64642077,2.19775082
D270Y,-0.0323395073,0.758258432,0.372733808,1.54315336
D270K,-0.037992867,0.842815084,0.0485082932,15.67007244
D270N,-0.0970604779,0.483953924,0.143245668,1.64970092
Y271D,0.04519912,1.166692694,0.646288712,2.10615632
Y271C,0.0003385653,0.992785284,0.0765720784,16.0798878
G272E,0.0173622472,2.42571906,0.35885914,16.41941156
K273Q,-0.0197597884,0.71926471,0.0511768092,11.8971045
K273E,-0.0351388099,1.17640938,0.377804324,3.67251052
K273R,-0.0747934068,1.89767678,0.306291618,11.83270556
Q274R,0.0508343661,2.797600212,0.400714244,19.82965164
M275L,0.0445149194,3.10743294,0.454967472,22.24901756
M275K,-0.0017804554,0.690827586,0.0730694128,9.62143144
M275,-0.0066082879,0.1176089144,0.0185170092,0.789602622
M275V,-0.0364727148,1.172188338,0.319865566,4.32879618
M275I,-0.0504415831,0.353364666,0.0365283112,4.5493701
M275R,-0.0986907271,0.480195338,0.061062787,5.61480538
A276T,0.0695595368,0.990495482,0.486261802,2.01815754
A276,0.0294629628,1.289663948,0.1089299572,19.57988152
A276S,0.0249366139,2.1816936,0.347531738,13.86001984
A276E,0.0033762122,1.303569612,0.233731304,7.37135196
G277V,-0.0536501391,0.708078016,0.222517822,2.2736779
D278E,0.041647761,4.02485124,0.912089422,18.02707964
D278G,-0.011299981,1.202328274,0.248531758,5.99472834
D278,-0.0220615203,0.968998942,0.20693703,4.68454782
D278A,-0.0588332288,0.43926883,0.1162757756,1.7461096
D278N,-0.1108562459,0.578006318,0.0861993156,5.16883082
D279,0.0181701833,2.018636842,0.19097321,29.42232094
D279W,0.0004585628,1.02247338,0.1455912258,10.73662278
D279N,-0.0115733207,1.54197227,0.2023134252,15.05580872
D279E,-0.018101083,1.05540067,0.571921814,1.9476505
D279G,-0.1304013849,0.319701544,0.1100836866,0.941644474
C280R,0.0449224273,3.39701236,0.511955966,23.15436056
C280,0.0056798214,0.902883954,0.0858673902,14.00747508
C280L,-0.002524084,0.77729023,0.062578661,12.0126714
C280Y,-0.0061462027,3.20878338,0.495876448,21.3154686
C280G,-0.0259478707,2.80388228,0.51144425,15.79205018
C280F,-0.1043824753,0.327027646,0.1090992408,0.993481756
V281,0.0294922615,3.628170714,0.257560824,57.85554814
V281Y,0.0016176587,0.908723732,0.1425992554,8.5612451
V281I,-0.0032859348,0.558754108,0.1617854649,2.2150967
V281M,-0.0363710587,0.28730296,0.0457685383,2.60260024
A282E,0.0602679917,1.79580774,0.35124316,9.49952606
A282T,0.048613706,0.709199044,0.360468846,1.39572828
A282,0.0031118657,1.23630932,0.1382075912,16.0692506
A282G,-0.0139194681,0.8237271033,0.0969764207,9.9499664667
A282S,-0.0233839746,0.924544084,0.0971803804,11.9076933
A282D,-0.0690345684,0.4911931546,0.1396688353,1.8624396
S283G,0.051728501,1.30190077,0.641645266,2.64250682
S283N,-0.0102095475,0.783719022,0.066344479,12.10457718
S283C,-0.0163639568,0.37768856,0.0517811048,4.1683833
S283,-0.0546491436,0.843390624,0.471829736,1.50755216
S283D,-0.1594764846,0.518975958,0.0650133244,5.95468084
R284K,0.0451156201,1.285079842,0.2430589384,7.02931452
R284G,0.0301452387,1.77293354,0.826931788,3.8034349
R284I,-0.0207211963,0.793108716,0.0708351778,12.31667728
R284,-0.1019483934,0.1469624262,0.0432791774,0.509310606
Q285P,-0.0015635612,0.795607182,0.0773718814,11.17066436
Q285R,-0.0334420552,0.502770192,0.0742716886,5.24759804
Q285K,-0.0730418833,0.395664342,0.0540830679,4.30698166
D286A,-0.0043218042,3.26644752,0.7476021,15.42360416
D286,-0.0376327442,0.2134925126,0.0593157177,0.831978144
D286N,-0.0736139586,0.590174388,0.213055922,1.64500048
D286G,-0.0838230536,0.993012946,0.2156211272,4.7505452
D286E,-0.0948861662,0.665989164,0.0641523632,9.10029808
D287A,-0.043079234,0.79331752,0.1252662108,6.37680388
E287G,-0.0995327756,0.553236666,0.0689085896,6.02941776
D288E,0.1428071434,4.05153514,1.67955826,9.776744
D288G,0.0869057798,2.5110348,0.74401389,8.53501616
D288N,0.0305142102,1.05982298,0.40535133,2.7785821
D288,0.0274490415,1.120441178,0.1045996046,16.7593637
D288K,-0.0115843132,0.811852508,0.0471468918,14.9833774
