ID1,ID2,Distance
1,2,0.0715554
1,3,0.00965173
1,4,0.0857554
1,5,0.0807752
1,6,0.0686733
1,7,0.11371
1,8,0.100732
1,9,0.0746395
1,10,0.0885204
1,11,0.0997443
1,12,0.0767502
1,13,0.0718078
1,14,0.104665
1,15,0.114693
1,16,0.0794136
1,17,0.0842984
1,18,0.102382
1,19,0.0882623
1,20,0.0895395
1,21,0.0890333
1,22,0.145089
1,23,0.14282
1,24,0.0682749
1,25,0.0779829
1,26,0.0890235
1,27,0.0749475
1,28,0.0746404
1,29,0.06707
1,30,0.132618
1,31,0.0719409
1,32,0.0668714
1,33,0.0737993
1,34,0.0729158
1,35,0.0768042
1,36,0.068153
1,37,0.0596339
1,38,0.138467
1,39,0.0685345
1,40,0.132735
1,41,0.0706354
1,42,0.112334
1,43,0.0729105
1,44,0.107514
1,45,0.076356
1,46,0.0775025
1,47,0.0903142
1,48,0.0897875
1,49,0.0751795
1,50,0.089264
1,51,0.0873991
1,52,0.0892769
1,53,0.0775656
1,54,0.0883212
1,55,0.095743
1,56,0.0821373
1,57,0.131937
1,58,0.14046
1,59,0.14503
1,60,0.0882272
1,61,0.143243
1,62,0.0621125
1,63,0.0585555
1,64,0.0630185
1,65,0.0859158
1,66,0.0605402
1,67,0.125314
1,68,0.0495625
1,69,0.0910892
1,70,0.0843618
1,71,0.0975314
1,72,0.093039
1,73,0.0633464
1,74,0.0792002
1,75,0.0685245
1,76,0.0573795
1,77,0.138703
1,78,0.0607413
1,79,0.111898
1,80,0.099783
1,81,0.0913478
1,82,0.130183
1,83,0.0694934
1,84,0.069883
1,85,0.0911534
1,86,0.119283
1,87,0.0750346
1,88,0.141742
1,89,0.14241
1,90,0.0623229
1,91,0.0858093
1,92,0.115287
1,93,0.0559294
1,94,0.129496
1,95,0.068134
1,96,0.0715534
1,97,0.0982291
2,3,0.0741946
2,4,0.0772485
2,5,0.0836867
2,6,0.0714127
2,7,0.100798
2,8,0.100798
2,9,0.0650621
2,10,0.0978782
2,11,0.101264
2,12,0.081668
2,13,0.0606346
2,14,0.108487
2,15,0.112706
2,16,0.0820091
2,17,0.0857353
2,18,0.103453
2,19,0.0827148
2,20,0.080811
2,21,0.0836577
2,22,0.129253
2,23,0.129252
2,24,0.0797427
2,25,0.0744281
2,26,0.086771
2,27,0.00255415
2,28,0.0607399
2,29,0.0844859
2,30,0.1307
2,31,0.0671596
2,32,0.0743437
2,33,0.0753576
2,34,0.0585446
2,35,0.0750152
2,36,0.0656536
2,37,0.0604611
2,38,0.132575
2,39,0.0605759
2,40,0.118099
2,41,0.0733177
2,42,0.115775
2,43,0.0702334
2,44,0.114818
2,45,0.0667424
2,46,0.0748067
2,47,0.0952114
2,48,0.0889293
2,49,0.0226196
2,50,0.081653
2,51,0.0852964
2,52,0.0953026
2,53,0.0729235
2,54,0.0739746
2,55,0.0929256
2,56,0.0706547
2,57,0.120412
2,58,0.136126
2,59,0.133477
2,60,0.0852964
2,61,0.133648
2,62,0.05849
2,63,0.0584664
2,64,0.0612314
2,65,0.0884303
2,66,0.0715595
2,67,0.129559
2,68,0.0549442
2,69,0.0977545
2,70,0.089929
2,71,0.0820467
2,72,0.0928251
2,73,0.0763499
2,74,0.0791391
2,75,0.0638428
2,76,0.0548528
2,77,0.127076
2,78,0.0581894
2,79,0.104874
2,80,0.101125
2,81,0.0981178
2,82,0.131897
2,83,0.0774184
2,84,0.0715977
2,85,0.0850572
2,86,0.111583
2,87,0.0744113
2,88,0.138492
2,89,0.135217
2,90,0.0667854
2,91,0.0847318
2,92,0.115189
2,93,0.0688385
2,94,0.130502
2,95,0.0807172
2,96,0.0867886
2,97,0.101596
3,4,0.0829691
3,5,0.0777769
3,6,0.0729873
3,7,0.111911
3,8,0.105986
3,9,0.0711384
3,10,0.087031
3,11,0.109406
3,12,0.0771098
3,13,0.0633087
3,14,0.101014
3,15,0.118285
3,16,0.0790502
3,17,0.0748927
3,18,0.0993724
3,19,0.0805839
3,20,0.0807356
3,21,0.0787537
3,22,0.133927
3,23,0.132259
3,24,0.0559931
3,25,0.0709364
3,26,0.0826799
3,27,0.0734245
3,28,0.0679828
3,29,0.0595492
3,30,0.123176
3,31,0.0758395
3,32,0.0704101
3,33,0.0772936
3,34,0.0649515
3,35,0.0789813
3,36,0.0681303
3,37,0.0633813
3,38,0.12856
3,39,0.0633648
3,40,0.121343
3,41,0.0782925
3,42,0.110235
3,43,0.0699623
3,44,0.10402
3,45,0.0681457
3,46,0.079723
3,47,0.0835234
3,48,0.0887737
3,49,0.0745274
3,50,0.0825899
3,51,0.0881818
3,52,0.0828168
3,53,0.0797921
3,54,0.0772183
3,55,0.0939803
3,56,0.0777142
3,57,0.124899
3,58,0.133229
3,59,0.13089
3,60,0.0889898
3,61,0.13044
3,62,0.0623532
3,63,0.0597778
3,64,0.0632237
3,65,0.0861841
3,66,0.0625491
3,67,0.124051
3,68,0.046326
3,69,0.0849304
3,70,0.0780598
3,71,0.0854254
3,72,0.0917519
3,73,0.0598067
3,74,0.0827527
3,75,0.0636616
3,76,0.0561776
3,77,0.124471
3,78,0.061868
3,79,0.100842
3,80,0.0972372
3,81,0.0876628
3,82,0.128668
3,83,0.0694478
3,84,0.0655058
3,85,0.0795688
3,86,0.119091
3,87,0.0695489
3,88,0.140817
3,89,0.136091
3,90,0.0634738
3,91,0.0845531
3,92,0.112657
3,93,0.0523592
3,94,0.129343
3,95,0.0657459
3,96,0.0714937
3,97,0.0956094
4,5,0.0423259
4,6,0.086685
4,7,0.118925
4,8,0.104278
4,9,0.0752095
4,10,0.0650228
4,11,0.0707173
4,12,0.0626599
4,13,0.0752363
4,14,0.0891249
4,15,0.103389
4,16,0.0512588
4,17,0.0465615
4,18,0.0779375
4,19,0.0629595
4,20,0.0555372
4,21,0.0492692
4,22,0.115709
4,23,0.118867
4,24,0.0841309
4,25,0.0610673
4,26,0.0483167
4,27,0.0840297
4,28,0.07112
4,29,0.0864867
4,30,0.129266
4,31,0.0679595
4,32,0.0684939
4,33,0.0677628
4,34,0.0693766
4,35,0.0696475
4,36,0.064861
4,37,0.0720985
4,38,0.133369
4,39,0.0698975
4,40,0.120944
4,41,0.0668859
4,42,0.0994935
4,43,0.0858137
4,44,0.093376
4,45,0.0890034
4,46,0.0704365
4,47,0.0480899
4,48,0.0564688
4,49,0.0798266
4,50,0.0888834
4,51,0.0628251
4,52,0.0482128
4,53,0.0695057
4,54,0.0841412
4,55,0.0784673
4,56,0.0475638
4,57,0.114517
4,58,0.128657
4,59,0.129457
4,60,0.0636222
4,61,0.127264
4,62,0.0648159
4,63,0.0648241
4,64,0.0675329
4,65,0.0577826
4,66,0.0756766
4,67,0.108724
4,68,0.065018
4,69,0.0878565
4,70,0.0517829
4,71,0.0516237
4,72,0.0652023
4,73,0.0672405
4,74,0.0501781
4,75,0.0759547
4,76,0.0619553
4,77,0.125525
4,78,0.0654388
4,79,0.120422
4,80,0.0846436
4,81,0.054902
4,82,0.123575
4,83,0.0682028
4,84,0.0754921
4,85,0.0745947
4,86,0.103047
4,87,0.0797911
4,88,0.119201
4,89,0.128658
4,90,0.0777197
4,91,0.073128
4,92,0.101892
4,93,0.0572839
4,94,0.115546
4,95,0.061389
4,96,0.0648458
4,97,0.0956139
5,6,0.0806316
5,7,0.119774
5,8,0.108182
5,9,0.0720002
5,10,0.0604514
5,11,0.0825434
5,12,0.061808
5,13,0.0743317
5,14,0.0856663
5,15,0.099546
5,16,0.0611415
5,17,0.058937
5,18,0.0754517
5,19,0.0691382
5,20,0.0592771
5,21,0.0572799
5,22,0.116117
5,23,0.122988
5,24,0.0745899
5,25,0.0647189
5,26,0.0577863
5,27,0.0866004
5,28,0.0728821
5,29,0.0790011
5,30,0.116337
5,31,0.0690962
5,32,0.0687058
5,33,0.0664555
5,34,0.0705116
5,35,0.0688358
5,36,0.0765571
5,37,0.0688776
5,38,0.119326
5,39,0.0742007
5,40,0.121291
5,41,0.06697
5,42,0.0970434
5,43,0.0924015
5,44,0.0908078
5,45,0.0917961
5,46,0.070518
5,47,0.0509095
5,48,0.0657728
5,49,0.078866
5,50,0.0833159
5,51,0.0700838
5,52,0.0533046
5,53,0.0687268
5,54,0.0888227
5,55,0.0931999
5,56,0.0276899
5,57,0.111015
5,58,0.131326
5,59,0.127069
5,60,0.0708798
5,61,0.124636
5,62,0.0668594
5,63,0.0650932
5,64,0.0695783
5,65,0.0582963
5,66,0.0723231
5,67,0.10988
5,68,0.0702301
5,69,0.0843199
5,70,0.0612724
5,71,0.0597478
5,72,0.0720434
5,73,0.062604
5,74,0.0627582
5,75,0.0765316
5,76,0.0664279
5,77,0.114194
5,78,0.0571978
5,79,0.110303
5,80,0.085734
5,81,0.06768
5,82,0.123122
5,83,0.066108
5,84,0.0738298
5,85,0.0637045
5,86,0.100111
5,87,0.0780739
5,88,0.125966
5,89,0.130582
5,90,0.072832
5,91,0.0720153
5,92,0.10693
5,93,0.0619895
5,94,0.118866
5,95,0.066117
5,96,0.0718508
5,97,0.0893349
6,7,0.107841
6,8,0.100199
6,9,0.0622828
6,10,0.0840046
6,11,0.115042
6,12,0.0915781
6,13,0.0671204
6,14,0.107983
6,15,0.118312
6,16,0.0836997
6,17,0.0848871
6,18,0.104247
6,19,0.0852364
6,20,0.0761865
6,21,0.0838276
6,22,0.140445
6,23,0.136408
6,24,0.0800476
6,25,0.0783374
6,26,0.0882162
6,27,0.0734599
6,28,0.070785
6,29,0.0788325
6,30,0.12516
6,31,0.0662231
6,32,0.0728884
6,33,0.0667181
6,34,0.0676202
6,35,0.0696293
6,36,0.0697306
6,37,0.0591404
6,38,0.123632
6,39,0.0672903
6,40,0.115388
6,41,0.0680059
6,42,0.113327
6,43,0.0670968
6,44,0.11407
6,45,0.0732896
6,46,0.0694444
6,47,0.0842511
6,48,0.0966791
6,49,0.074661
6,50,0.0836844
6,51,0.0899285
6,52,0.0844638
6,53,0.067651
6,54,0.0700756
6,55,0.0950961
6,56,0.0815581
6,57,0.123996
6,58,0.138369
6,59,0.125958
6,60,0.0907534
6,61,0.126701
6,62,0.0683806
6,63,0.0666516
6,64,0.0683797
6,65,0.090758
6,66,0.0677005
6,67,0.119498
6,68,0.0573784
6,69,0.0876782
6,70,0.0964628
6,71,0.0817845
6,72,0.0989328
6,73,0.0728125
6,74,0.092431
6,75,0.0720098
6,76,0.0607095
6,77,0.12472
6,78,0.0631032
6,79,0.0967634
6,80,0.103577
6,81,0.103368
6,82,0.148812
6,83,0.0696678
6,84,0.0720131
6,85,0.0913509
6,86,0.120642
6,87,0.0750068
6,88,0.137219
6,89,0.140125
6,90,0.0645975
6,91,0.0800285
6,92,0.126807
6,93,0.0750667
6,94,0.141412
6,95,0.0857525
6,96,0.0967553
6,97,0.0992026
7,8,0.00932878
7,9,0.108981
7,10,0.129339
7,11,0.145639
7,12,0.0703138
7,13,0.10431
7,14,0.0979247
7,15,0.114291
7,16,0.111108
7,17,0.116242
7,18,0.0959454
7,19,0.124057
7,20,0.127575
7,21,0.11934
7,22,0.120941
7,23,0.127167
7,24,0.106095
7,25,0.123907
7,26,0.128696
7,27,0.111884
7,28,0.11234
7,29,0.12003
7,30,0.107519
7,31,0.0976293
7,32,0.107153
7,33,0.117064
7,34,0.11255
7,35,0.111419
7,36,0.10054
7,37,0.0986758
7,38,0.107872
7,39,0.1056
7,40,0.130455
7,41,0.0942246
7,42,0.109834
7,43,0.101479
7,44,0.102471
7,45,0.115877
7,46,0.109343
7,47,0.131374
7,48,0.12577
7,49,0.12279
7,50,0.102591
7,51,0.134804
7,52,0.13046
7,53,0.10934
7,54,0.0910053
7,55,0.116301
7,56,0.126155
7,57,0.110943
7,58,0.131835
7,59,0.108927
7,60,0.133409
7,61,0.102124
7,62,0.101556
7,63,0.0988982
7,64,0.101546
7,65,0.123287
7,66,0.0937028
7,67,0.105942
7,68,0.109021
7,69,0.133456
7,70,0.104804
7,71,0.125771
7,72,0.10871
7,73,0.0871142
7,74,0.0954878
7,75,0.109399
7,76,0.0840282
7,77,0.103885
7,78,0.0809054
7,79,0.117891
7,80,0.119809
7,81,0.107923
7,82,0.127704
7,83,0.093563
7,84,0.116483
7,85,0.12388
7,86,0.128725
7,87,0.122353
7,88,0.1081
7,89,0.141328
7,90,0.0834316
7,91,0.0987477
7,92,0.123893
7,93,0.0773019
7,94,0.131129
7,95,0.103453
7,96,0.114741
7,97,0.10821
8,9,0.095863
8,10,0.112697
8,11,0.126952
8,12,0.0687636
8,13,0.090348
8,14,0.0827999
8,15,0.105732
8,16,0.104302
8,17,0.101841
8,18,0.0894694
8,19,0.107213
8,20,0.106661
8,21,0.105828
8,22,0.117485
8,23,0.117539
8,24,0.0890571
8,25,0.105393
8,26,0.112808
8,27,0.0991833
8,28,0.0964189
8,29,0.100419
8,30,0.10163
8,31,0.0976293
8,32,0.101377
8,33,0.0961298
8,34,0.0935015
8,35,0.0960804
8,36,0.0947213
8,37,0.0929944
8,38,0.103048
8,39,0.089234
8,40,0.117093
8,41,0.0943913
8,42,0.094411
8,43,0.093248
8,44,0.0866908
8,45,0.0956374
8,46,0.0948236
8,47,0.114771
8,48,0.10903
8,49,0.103223
8,50,0.0911978
8,51,0.11238
8,52,0.114074
8,53,0.0949055
8,54,0.0851952
8,55,0.0964658
8,56,0.11175
8,57,0.106711
8,58,0.126409
8,59,0.104639
8,60,0.112544
8,61,0.0981478
8,62,0.0957833
8,63,0.0940767
8,64,0.0957788
8,65,0.116329
8,66,0.0871509
8,67,0.0992217
8,68,0.091229
8,69,0.117321
8,70,0.104804
8,71,0.110031
8,72,0.10871
8,73,0.0871142
8,74,0.0954878
8,75,0.0929845
8,76,0.0840282
8,77,0.095695
8,78,0.0809054
8,79,0.110948
8,80,0.119809
8,81,0.107923
8,82,0.127704
8,83,0.093563
8,84,0.107306
8,85,0.109532
8,86,0.128725
8,87,0.107988
8,88,0.1081
8,89,0.131242
8,90,0.0834316
8,91,0.0987477
8,92,0.123893
8,93,0.0773019
8,94,0.131129
8,95,0.103453
8,96,0.114741
8,97,0.10821
9,10,0.0742807
9,11,0.088379
9,12,0.0690243
9,13,0.0611737
9,14,0.0879641
9,15,0.102997
9,16,0.069277
9,17,0.0778236
9,18,0.0889702
9,19,0.0820576
9,20,0.0787649
9,21,0.0798207
9,22,0.13049
9,23,0.129054
9,24,0.0855582
9,25,0.0669206
9,26,0.0818193
9,27,0.0663251
9,28,0.0615481
9,29,0.0786554
9,30,0.125573
9,31,0.0528831
9,32,0.0594772
9,33,0.0561911
9,34,0.0711092
9,35,0.0579076
9,36,0.0613619
9,37,0.0524421
9,38,0.125341
9,39,0.0694509
9,40,0.12498
9,41,0.0515091
9,42,0.0985273
9,43,0.0755421
9,44,0.0923446
9,45,0.0788668
9,46,0.0594393
9,47,0.0830205
9,48,0.0798493
9,49,0.0683163
9,50,0.0792165
9,51,0.0858241
9,52,0.0837112
9,53,0.057766
9,54,0.0726641
9,55,0.0878151
9,56,0.071254
9,57,0.118749
9,58,0.142408
9,59,0.121113
9,60,0.0866467
9,61,0.120421
9,62,0.0585055
9,63,0.0594254
9,64,0.0656935
9,65,0.0737611
9,66,0.0612724
9,67,0.104606
9,68,0.0586832
9,69,0.0804628
9,70,0.0756117
9,71,0.0796114
9,72,0.074052
9,73,0.0644763
9,74,0.078
9,75,0.0737767
9,76,0.0549541
9,77,0.118949
9,78,0.0595024
9,79,0.104963
9,80,0.0948563
9,81,0.0851496
9,82,0.130162
9,83,0.0558974
9,84,0.0698955
9,85,0.073198
9,86,0.112404
9,87,0.0741035
9,88,0.125983
9,89,0.143391
9,90,0.0622332
9,91,0.0787456
9,92,0.10393
9,93,0.0629026
9,94,0.12543
9,95,0.0785605
9,96,0.083296
9,97,0.0931454
10,11,0.0911987
10,12,0.0776553
10,13,0.0813723
10,14,0.0989519
10,15,0.110712
10,16,0.0682809
10,17,0.0668443
10,18,0.0873023
10,19,0.0749787
10,20,0.067333
10,21,0.0669077
10,22,0.123205
10,23,0.124554
10,24,0.0792844
10,25,0.0756278
10,26,0.0729171
10,27,0.100093
10,28,0.0833532
10,29,0.0832346
10,30,0.130335
10,31,0.0806161
10,32,0.0759834
10,33,0.0792285
10,34,0.0841469
10,35,0.0800022
10,36,0.0843865
10,37,0.0813626
10,38,0.132209
10,39,0.0800977
10,40,0.119882
10,41,0.0771046
10,42,0.105772
10,43,0.0929232
10,44,0.104221
10,45,0.0991676
10,46,0.0816606
10,47,0.0652705
10,48,0.0733137
10,49,0.0999485
10,50,0.0990619
10,51,0.0767694
10,52,0.0657868
10,53,0.0798029
10,54,0.089756
10,55,0.0969795
10,56,0.0687766
10,57,0.122782
10,58,0.138538
10,59,0.139967
10,60,0.0772467
10,61,0.136768
10,62,0.0831406
10,63,0.0795543
10,64,0.0804291
10,65,0.0707067
10,66,0.0850758
10,67,0.122597
10,68,0.0783411
10,69,0.101235
10,70,0.0647638
10,71,0.076023
10,72,0.065125
10,73,0.0703302
10,74,0.0570475
10,75,0.0859236
10,76,0.0745181
10,77,0.134392
10,78,0.0760273
10,79,0.112673
10,80,0.0977017
10,81,0.0653264
10,82,0.131419
10,83,0.0703278
10,84,0.0871506
10,85,0.0687266
10,86,0.117877
10,87,0.0940536
10,88,0.122718
10,89,0.139798
10,90,0.0834387
10,91,0.0879218
10,92,0.111522
10,93,0.0652757
10,94,0.123974
10,95,0.069175
10,96,0.0691256
10,97,0.107941
11,12,0.0710349
11,13,0.0850147
11,14,0.0979275
11,15,0.116515
11,16,0.0813148
11,17,0.0644954
11,18,0.101699
11,19,0.0906605
11,20,0.0855967
11,21,0.0653396
11,22,0.117082
11,23,0.123153
11,24,0.088479
11,25,0.0938105
11,26,0.0853142
11,27,0.0932211
11,28,0.0854878
11,29,0.111439
11,30,0.145739
11,31,0.0737485
11,32,0.0973349
11,33,0.097382
11,34,0.10352
11,35,0.0826019
11,36,0.107882
11,37,0.100958
11,38,0.143308
11,39,0.0878249
11,40,0.13838
11,41,0.0760475
11,42,0.119681
11,43,0.0929302
11,44,0.100656
11,45,0.125655
11,46,0.0841466
11,47,0.0897947
11,48,0.026102
11,49,0.108397
11,50,0.108523
11,51,0.052385
11,52,0.0902152
11,53,0.0824001
11,54,0.120341
11,55,0.115554
11,56,0.0683066
11,57,0.139221
11,58,0.141404
11,59,0.133395
11,60,0.0531747
11,61,0.14109
11,62,0.097331
11,63,0.0964102
11,64,0.100148
11,65,0.0855962
11,66,0.104749
11,67,0.127538
11,68,0.0990489
11,69,0.113524
11,70,0.0682907
11,71,0.094743
11,72,0.0712592
11,73,0.0704588
11,74,0.0322058
11,75,0.0922079
11,76,0.0651621
11,77,0.149912
11,78,0.0618205
11,79,0.144312
11,80,0.0928979
11,81,0.0676643
11,82,0.11237
11,83,0.077183
11,84,0.102709
11,85,0.0763453
11,86,0.104008
11,87,0.106257
11,88,0.134134
11,89,0.144292
11,90,0.0785669
11,91,0.075432
11,92,0.100778
11,93,0.0630382
11,94,0.107513
11,95,0.072698
11,96,0.0726613
11,97,0.103009
12,13,0.0768352
12,14,0.000829076
12,15,0.0805889
12,16,0.0677038
12,17,0.0676216
12,18,0.0619793
12,19,0.070132
12,20,0.0702125
12,21,0.0665441
12,22,0.0942934
12,23,0.0899244
12,24,0.0630616
12,25,0.0720057
12,26,0.0654738
12,27,0.0812954
12,28,0.0793479
12,29,0.0749545
12,30,0.0545433
12,31,0.071809
12,32,0.0818826
12,33,0.0689989
12,34,0.0700021
12,35,0.0689989
12,36,0.0779812
12,37,0.0761601
12,38,0.0554728
12,39,0.070471
12,40,0.0841665
12,41,0.0693035
12,42,0.0376839
12,43,0.0882802
12,44,0.00249487
12,45,0.0844348
12,46,0.0699374
12,47,0.0646517
12,48,0.0745588
12,49,0.0795244
12,50,0.0793359
12,51,0.0673766
12,52,0.0646517
12,53,0.0699374
12,54,0.0720404
12,55,0.0745367
12,56,0.0553696
12,57,0.054538
12,58,0.10249
12,59,0.0536508
12,60,0.0673766
12,61,0.0544773
12,62,0.0759693
12,63,0.0722566
12,64,0.0769273
12,65,0.0847372
12,66,0.0733931
12,67,0.0502342
12,68,0.0645275
12,69,0.0813993
12,70,0.0656705
12,71,0.0655145
12,72,0.0707914
12,73,0.0588679
12,74,0.051217
12,75,0.0803115
12,76,0.0651728
12,77,0.0518008
12,78,0.055875
12,79,0.0903389
12,80,0.0471012
12,81,0.0685508
12,82,0.103732
12,83,0.0601638
12,84,0.0815357
12,85,0.0756128
12,86,0.055785
12,87,0.088249
12,88,0.0587029
12,89,0.102513
12,90,0.0609899
12,91,0.0716583
12,92,0.0530283
12,93,0.0603438
12,94,0.0969891
12,95,0.0679591
12,96,0.0749384
12,97,0.0680317
13,14,0.0996603
13,15,0.106675
13,16,0.070074
13,17,0.0821764
13,18,0.0890647
13,19,0.0905698
13,20,0.0892598
13,21,0.0813954
13,22,0.13168
13,23,0.140177
13,24,0.0759096
13,25,0.0706006
13,26,0.085032
13,27,0.0626947
13,28,0.00956252
13,29,0.0760667
13,30,0.131631
13,31,0.0528273
13,32,0.0577472
13,33,0.0604733
13,34,0.0290652
13,35,0.0603737
13,36,0.0538628
13,37,0.053024
13,38,0.126848
13,39,0.0239075
13,40,0.124685
13,41,0.0531009
13,42,0.115022
13,43,0.0646098
13,44,0.107813
13,45,0.0683655
13,46,0.0622314
13,47,0.0887819
13,48,0.0840544
13,49,0.0641686
13,50,0.0816439
13,51,0.0909084
13,52,0.0902581
13,53,0.0621285
13,54,0.076035
13,55,0.0847671
13,56,0.0739034
13,57,0.127333
13,58,0.142259
13,59,0.127857
13,60,0.0917829
13,61,0.130168
13,62,0.0224253
13,63,0.022416
13,64,0.0277407
13,65,0.074688
13,66,0.0587096
13,67,0.11582
13,68,0.0489657
13,69,0.0790625
13,70,0.0791433
13,71,0.0810348
13,72,0.0835458
13,73,0.0680261
13,74,0.0720367
13,75,0.0323453
13,76,0.0426182
13,77,0.119271
13,78,0.0290479
13,79,0.109773
13,80,0.0879303
13,81,0.0850507
13,82,0.130338
13,83,0.0593
13,84,0.0667028
13,85,0.0783414
13,86,0.110075
13,87,0.0674794
13,88,0.128864
13,89,0.141223
13,90,0.0484453
13,91,0.0719416
13,92,0.114983
13,93,0.0511556
13,94,0.130954
13,95,0.0635452
13,96,0.0716526
13,97,0.0846923
14,15,0.0965854
14,16,0.0884556
14,17,0.0879484
14,18,0.0777886
14,19,0.101536
14,20,0.100301
14,21,0.0899025
14,22,0.115852
14,23,0.113687
14,24,0.0917521
14,25,0.0908836
14,26,0.0905303
14,27,0.106412
14,28,0.103718
14,29,0.100881
14,30,0.0725582
14,31,0.0865645
14,32,0.0991661
14,33,0.0862657
14,34,0.0988799
14,35,0.0854162
14,36,0.0928288
14,37,0.0990774
14,38,0.0714875
14,39,0.0981887
14,40,0.116199
14,41,0.0843342
14,42,0.0522923
14,43,0.109828
14,44,0.00617167
14,45,0.112685
14,46,0.0871963
14,47,0.0892737
14,48,0.0963351
14,49,0.106964
14,50,0.102227
14,51,0.0978414
14,52,0.0900127
14,53,0.0871963
14,54,0.0980613
14,55,0.100151
14,56,0.0889193
14,57,0.0731993
14,58,0.1271
14,59,0.0750061
14,60,0.0987018
14,61,0.0749586
14,62,0.09986
14,63,0.0969908
14,64,0.101818
14,65,0.104951
14,66,0.0944102
14,67,0.0558879
14,68,0.0913285
14,69,0.101251
14,70,0.0963756
14,71,0.0909193
14,72,0.0956241
14,73,0.0777231
14,74,0.0735119
14,75,0.107622
14,76,0.0888811
14,77,0.0758481
14,78,0.0820295
14,79,0.11785
14,80,0.0604212
14,81,0.0973929
14,82,0.122981
14,83,0.0782743
14,84,0.110778
14,85,0.101505
14,86,0.0650981
14,87,0.113679
14,88,0.0646502
14,89,0.12907
14,90,0.0882145
14,91,0.0938787
14,92,0.0608858
14,93,0.0821755
14,94,0.11221
14,95,0.091654
14,96,0.10266
14,97,0.0847392
15,16,0.10722
15,17,0.101088
15,18,0.0748176
15,19,0.112055
15,20,0.110875
15,21,0.101952
15,22,0.0809019
15,23,0.0854462
15,24,0.107115
15,25,0.111783
15,26,0.108684
15,27,0.120286
15,28,0.110423
15,29,0.111958
15,30,0.125682
15,31,0.097498
15,32,0.115483
15,33,0.105892
15,34,0.114308
15,35,0.105141
15,36,0.109508
15,37,0.0991957
15,38,0.12405
15,39,0.108054
15,40,0.121549
15,41,0.102053
15,42,0.104511
15,43,0.114794
15,44,0.0985068
15,45,0.116787
15,46,0.104925
15,47,0.109323
15,48,0.0999927
15,49,0.118094
15,50,0.127273
15,51,0.104804
15,52,0.10892
15,53,0.104032
15,54,0.108614
15,55,0.112326
15,56,0.105267
15,57,0.103644
15,58,0.0778367
15,59,0.11196
15,60,0.10344
15,61,0.108515
15,62,0.110361
15,63,0.113117
15,64,0.114217
15,65,0.115556
15,66,0.108016
15,67,0.105745
15,68,0.103651
15,69,0.11739
15,70,0.113876
15,71,0.111543
15,72,0.112132
15,73,0.0953701
15,74,0.0891109
15,75,0.111993
15,76,0.100678
15,77,0.118056
15,78,0.0938061
15,79,0.129642
15,80,0.114463
15,81,0.115795
15,82,0.0805565
15,83,0.0865766
15,84,0.112017
15,85,0.102662
15,86,0.110517
15,87,0.11656
15,88,0.109218
15,89,0.0825391
15,90,0.0980276
15,91,0.107135
15,92,0.110677
15,93,0.0919436
15,94,0.0851645
15,95,0.0999247
15,96,0.107287
15,97,0.123215
16,17,0.0538958
16,18,0.0823664
16,19,0.0126615
16,20,0.0556905
16,21,0.0529247
16,22,0.109999
16,23,0.112988
16,24,0.0636388
16,25,0.0546152
16,26,0.057207
16,27,0.0802901
16,28,0.0717853
16,29,0.0701873
16,30,0.117378
16,31,0.0728601
16,32,0.0713173
16,33,0.0748436
16,34,0.0713202
16,35,0.07729
16,36,0.0829256
16,37,0.0651061
16,38,0.118827
16,39,0.0683534
16,40,0.100702
16,41,0.0755794
16,42,0.104086
16,43,0.0814453
16,44,0.0942482
16,45,0.0858338
16,46,0.0770781
16,47,0.0607273
16,48,0.0611834
16,49,0.0837536
16,50,0.0857142
16,51,0.0589279
16,52,0.0608787
16,53,0.0742481
16,54,0.0755453
16,55,0.0821704
16,56,0.0594158
16,57,0.103067
16,58,0.124121
16,59,0.119121
16,60,0.0594117
16,61,0.118063
16,62,0.0711246
16,63,0.0676042
16,64,0.0702592
16,65,0.0627114
16,66,0.0738873
16,67,0.111257
16,68,0.0685235
16,69,0.0787761
16,70,0.0647587
16,71,0.0386306
16,72,0.0674818
16,73,0.0626138
16,74,0.0583814
16,75,0.0720486
16,76,0.0629991
16,77,0.113029
16,78,0.0677763
16,79,0.109852
16,80,0.0953708
16,81,0.0676051
16,82,0.130623
16,83,0.0659283
16,84,0.0719917
16,85,0.0628332
16,86,0.109223
16,87,0.0822673
16,88,0.111397
16,89,0.126049
16,90,0.0646367
16,91,0.076619
16,92,0.0994498
16,93,0.0536672
16,94,0.127258
16,95,0.0590701
16,96,0.0636358
16,97,0.099311
17,18,0.0758142
17,19,0.0659253
17,20,0.0609114
17,21,0.0104534
17,22,0.116647
17,23,0.132002
17,24,0.0829078
17,25,0.0670232
17,26,0.012056
17,27,0.0906546
17,28,0.0843342
17,29,0.083196
17,30,0.13512
17,31,0.0734069
17,32,0.077935
17,33,0.0796556
17,34,0.0822523
17,35,0.0796556
17,36,0.0716334
17,37,0.0778635
17,38,0.140378
17,39,0.084416
17,40,0.12195
17,41,0.0766476
17,42,0.0995909
17,43,0.0935046
17,44,0.0974307
17,45,0.0953771
17,46,0.0814615
17,47,0.0528232
17,48,0.0607133
17,49,0.0886216
17,50,0.100372
17,51,0.0641721
17,52,0.0529586
17,53,0.0814615
17,54,0.0878111
17,55,0.0826936
17,56,0.0608094
17,57,0.112048
17,58,0.135253
17,59,0.134702
17,60,0.0650338
17,61,0.129544
17,62,0.074707
17,63,0.0757009
17,64,0.0766795
17,65,0.0596775
17,66,0.0769906
17,67,0.11541
17,68,0.0749226
17,69,0.0872127
17,70,0.0565515
17,71,0.0636721
17,72,0.0675543
17,73,0.0718367
17,74,0.0468231
17,75,0.0867969
17,76,0.0689547
17,77,0.120482
17,78,0.0689977
17,79,0.120815
17,80,0.0930608
17,81,0.0585305
17,82,0.119559
17,83,0.0659539
17,84,0.0821649
17,85,0.0777342
17,86,0.104338
17,87,0.0878443
17,88,0.120234
17,89,0.134207
17,90,0.0728231
17,91,0.0752599
17,92,0.104539
17,93,0.0548613
17,94,0.119601
17,95,0.0682378
17,96,0.0729412
17,97,0.0956575
18,19,0.0892734
18,20,0.090374
18,21,0.0727505
18,22,0.0504475
18,23,0.0749346
18,24,0.0821159
18,25,0.0842345
18,26,0.0813791
18,27,0.105764
18,28,0.0902308
18,29,0.0911404
18,30,0.0930764
18,31,0.0873562
18,32,0.0901189
18,33,0.0905613
18,34,0.0933264
18,35,0.091116
18,36,0.0898272
18,37,0.0903192
18,38,0.0915956
18,39,0.0869251
18,40,0.111446
18,41,0.0894071
18,42,0.0826763
18,43,0.103245
18,44,0.0815313
18,45,0.0962033
18,46,0.090864
18,47,0.0793694
18,48,0.0817367
18,49,0.100202
18,50,0.109247
18,51,0.0899973
18,52,0.0795683
18,53,0.088968
18,54,0.0894505
18,55,0.0952477
18,56,0.0838725
18,57,0.0923077
18,58,0.0821666
18,59,0.0920154
18,60,0.0908248
18,61,0.0869205
18,62,0.0920638
18,63,0.0921258
18,64,0.0930269
18,65,0.0893986
18,66,0.094094
18,67,0.084796
18,68,0.0885787
18,69,0.0996155
18,70,0.0715932
18,71,0.0826154
18,72,0.0778423
18,73,0.0809965
18,74,0.0721447
18,75,0.0937128
18,76,0.0876676
18,77,0.0866139
18,78,0.0746486
18,79,0.115843
18,80,0.103012
18,81,0.0825148
18,82,0.0744911
18,83,0.0727447
18,84,0.0978077
18,85,0.0867166
18,86,0.101159
18,87,0.100584
18,88,0.101925
18,89,0.0858827
18,90,0.0893846
18,91,0.092436
18,92,0.103944
18,93,0.0702975
18,94,0.0733725
18,95,0.072577
18,96,0.0749169
18,97,0.107642
19,20,0.0678197
19,21,0.0660374
19,22,0.118897
19,23,0.12982
19,24,0.0782796
19,25,0.0673219
19,26,0.0685922
19,27,0.090093
19,28,0.0904339
19,29,0.0806768
19,30,0.137952
19,31,0.0766845
19,32,0.0707498
19,33,0.0840491
19,34,0.0856824
19,35,0.08804
19,36,0.086257
19,37,0.0645329
19,38,0.138182
19,39,0.0876548
19,40,0.120027
19,41,0.078135
19,42,0.113673
19,43,0.0902643
19,44,0.105116
19,45,0.099623
19,46,0.0895621
19,47,0.0724363
19,48,0.0709216
19,49,0.0926312
19,50,0.0991348
19,51,0.0702348
19,52,0.0713681
19,53,0.0869038
19,54,0.092587
19,55,0.0928359
19,56,0.0688922
19,57,0.124133
19,58,0.138143
19,59,0.144877
19,60,0.0710292
19,61,0.14161
19,62,0.0750145
19,63,0.0723203
19,64,0.0759383
19,65,0.0646998
19,66,0.0769924
19,67,0.11818
19,68,0.0783929
19,69,0.0899153
19,70,0.0707068
19,71,0.0489914
19,72,0.0743681
19,73,0.0660629
19,74,0.06063
19,75,0.0876982
19,76,0.0664238
19,77,0.133983
19,78,0.0712858
19,79,0.129252
19,80,0.100198
19,81,0.0734268
19,82,0.133445
19,83,0.071589
19,84,0.0842426
19,85,0.0740082
19,86,0.110412
19,87,0.0955015
19,88,0.121684
19,89,0.139675
19,90,0.0669409
19,91,0.0788885
19,92,0.104342
19,93,0.0547912
19,94,0.128474
19,95,0.0624712
19,96,0.067037
19,97,0.101735
20,21,0.0572671
20,22,0.131083
20,23,0.134663
20,24,0.0778788
20,25,0.0689613
20,26,0.0626893
20,27,0.092958
20,28,0.0894604
20,29,0.0823098
20,30,0.132626
20,31,0.0735211
20,32,0.0781154
20,33,0.0786099
20,34,0.0898952
20,35,0.0829079
20,36,0.077938
20,37,0.073614
20,38,0.136187
20,39,0.0881053
20,40,0.12183
20,41,0.0731013
20,42,0.10848
20,43,0.0889664
20,44,0.106895
20,45,0.0986374
20,46,0.0826986
20,47,0.0551313
20,48,0.0640544
20,49,0.090486
20,50,0.105061
20,51,0.0718805
20,52,0.0532513
20,53,0.0809736
20,54,0.0915847
20,55,0.0951374
20,56,0.0644903
20,57,0.12284
20,58,0.139503
20,59,0.134252
20,60,0.0730176
20,61,0.131005
20,62,0.078745
20,63,0.0779335
20,64,0.081515
20,65,0.0571765
20,66,0.0752703
20,67,0.108816
20,68,0.0766315
20,69,0.0914819
20,70,0.0518353
20,71,0.0626906
20,72,0.0597233
20,73,0.0577361
20,74,0.046802
20,75,0.098138
20,76,0.065205
20,77,0.132003
20,78,0.0664404
20,79,0.117839
20,80,0.0885178
20,81,0.0595791
20,82,0.126148
20,83,0.0725831
20,84,0.0903246
20,85,0.079042
20,86,0.101709
20,87,0.0930297
20,88,0.120834
20,89,0.140122
20,90,0.0727916
20,91,0.0821174
20,92,0.104547
20,93,0.0570239
20,94,0.117678
20,95,0.0693001
20,96,0.0692334
20,97,0.0993866
21,22,0.115736
21,23,0.129955
21,24,0.0831017
21,25,0.0680564
21,26,0.00720356
21,27,0.0897261
21,28,0.0834042
21,29,0.0841909
21,30,0.136267
21,31,0.075397
21,32,0.0779486
21,33,0.0807458
21,34,0.0814801
21,35,0.0807458
21,36,0.0735214
21,37,0.0798408
21,38,0.140213
21,39,0.0827554
21,40,0.115176
21,41,0.0766216
21,42,0.0996551
21,43,0.0925537
21,44,0.0984592
21,45,0.0964041
21,46,0.0825584
21,47,0.0528536
21,48,0.0616604
21,49,0.0907749
21,50,0.100441
21,51,0.0669693
21,52,0.0529891
21,53,0.0825584
21,54,0.0878753
21,55,0.0837818
21,56,0.0590568
21,57,0.111159
21,58,0.135354
21,59,0.136871
21,60,0.0678337
21,61,0.13168
21,62,0.0737126
21,63,0.0737309
21,64,0.0776681
21,65,0.058714
21,66,0.0798526
21,67,0.118436
21,68,0.0768929
21,69,0.0864439
21,70,0.0553213
21,71,0.0637922
21,72,0.0686534
21,73,0.0695404
21,74,0.0456234
21,75,0.0878977
21,76,0.0712596
21,77,0.12057
21,78,0.069092
21,79,0.118966
21,80,0.0965615
21,81,0.05963
21,82,0.119515
21,83,0.0682931
21,84,0.0813923
21,85,0.0777814
21,86,0.106807
21,87,0.08708
21,88,0.123402
21,89,0.134314
21,90,0.0727586
21,91,0.0764837
21,92,0.108247
21,93,0.0525472
21,94,0.120747
21,95,0.0648185
21,96,0.0694824
21,97,0.0980857
22,23,0.0839551
22,24,0.126325
22,25,0.122451
22,26,0.119527
22,27,0.135703
22,28,0.136965
22,29,0.130463
22,30,0.136298
22,31,0.114989
22,32,0.119682
22,33,0.125414
22,34,0.13305
22,35,0.124298
22,36,0.118171
22,37,0.11075
22,38,0.14025
22,39,0.132366
22,40,0.127404
22,41,0.117439
22,42,0.120645
22,43,0.134112
22,44,0.119225
22,45,0.135193
22,46,0.124511
22,47,0.124801
22,48,0.116349
22,49,0.132661
22,50,0.141877
22,51,0.127058
22,52,0.126279
22,53,0.124298
22,54,0.115384
22,55,0.138083
22,56,0.123637
22,57,0.126204
22,58,0.0715497
22,59,0.131723
22,60,0.12795
22,61,0.129056
22,62,0.125696
22,63,0.126607
22,64,0.12364
22,65,0.127106
22,66,0.121862
22,67,0.121374
22,68,0.122467
22,69,0.141643
22,70,0.12727
22,71,0.114239
22,72,0.121993
22,73,0.114057
22,74,0.113897
22,75,0.134105
22,76,0.124111
22,77,0.127604
22,78,0.120161
22,79,0.144283
22,80,0.140457
22,81,0.132679
22,82,0.0753503
22,83,0.108494
22,84,0.134313
22,85,0.127323
22,86,0.12002
22,87,0.141161
22,88,0.136615
22,89,0.0743693
22,90,0.12008
22,91,0.128772
22,92,0.132147
22,93,0.113186
22,94,0.0787917
22,95,0.117616
22,96,0.12649
22,97,0.136717
23,24,0.131002
23,25,0.123175
23,26,0.128187
23,27,0.143908
23,28,0.137063
23,29,0.136382
23,30,0.132158
23,31,0.117109
23,32,0.124036
23,33,0.129743
23,34,0.139095
23,35,0.130496
23,36,0.114057
23,37,0.119684
23,38,0.129069
23,39,0.136328
23,40,0.132071
23,41,0.119559
23,42,0.115963
23,43,0.120454
23,44,0.115231
23,45,0.13573
23,46,0.129704
23,47,0.122697
23,48,0.131013
23,49,0.146441
23,50,0.152981
23,51,0.125567
23,52,0.124619
23,53,0.129485
23,54,0.114151
23,55,0.136023
23,56,0.138782
23,57,0.12881
23,58,0.0760308
23,59,0.129489
23,60,0.126454
23,61,0.127794
23,62,0.127606
23,63,0.125538
23,64,0.123428
23,65,0.12496
23,66,0.125065
23,67,0.119644
23,68,0.129973
23,69,0.148507
23,70,0.125138
23,71,0.120634
23,72,0.126985
23,73,0.110455
23,74,0.107588
23,75,0.14274
23,76,0.116992
23,77,0.128738
23,78,0.120248
23,79,0.140973
23,80,0.13431
23,81,0.134675
23,82,0.0808656
23,83,0.11523
23,84,0.136425
23,85,0.132358
23,86,0.12474
23,87,0.139256
23,88,0.124664
23,89,0.0778836
23,90,0.124215
23,91,0.125107
23,92,0.11769
23,93,0.107392
23,94,0.0783946
23,95,0.119116
23,96,0.124745
23,97,0.131995
24,25,0.0770571
24,26,0.0851075
24,27,0.084293
24,28,0.0807169
24,29,0.00539979
24,30,0.128577
24,31,0.0752387
24,32,0.0768785
24,33,0.0908136
24,34,0.0801917
24,35,0.0906399
24,36,0.0696612
24,37,0.0712265
24,38,0.129105
24,39,0.082902
24,40,0.121352
24,41,0.0810769
24,42,0.0940109
24,43,0.0776573
24,44,0.0987636
24,45,0.0897565
24,46,0.0929026
24,47,0.0803789
24,48,0.0917234
24,49,0.0806732
24,50,0.0882143
24,51,0.0917077
24,52,0.0780063
24,53,0.0927242
24,54,0.0871546
24,55,0.0923387
24,56,0.0807524
24,57,0.121951
24,58,0.132491
24,59,0.127065
24,60,0.0944301
24,61,0.127351
24,62,0.0677615
24,63,0.0623395
24,64,0.0645093
24,65,0.0733961
24,66,0.0680819
24,67,0.106171
24,68,0.0687434
24,69,0.0793419
24,70,0.0732954
24,71,0.0819798
24,72,0.0876515
24,73,0.0566964
24,74,0.0770245
24,75,0.077901
24,76,0.066495
24,77,0.11613
24,78,0.0665814
24,79,0.121344
24,80,0.0958761
24,81,0.0842578
24,82,0.125015
24,83,0.075663
24,84,0.0721839
24,85,0.0876698
24,86,0.10922
24,87,0.0821667
24,88,0.116523
24,89,0.13657
24,90,0.0600954
24,91,0.0839281
24,92,0.112712
24,93,0.0533799
24,94,0.116658
24,95,0.0702861
24,96,0.0768501
24,97,0.0943309
25,26,0.0742628
25,27,0.0786464
25,28,0.0735945
25,29,0.0733777
25,30,0.12986
25,31,0.0660064
25,32,0.0703029
25,33,0.0702344
25,34,0.0733834
25,35,0.0730256
25,36,0.0753529
25,37,0.0641819
25,38,0.133473
25,39,0.0763855
25,40,0.122872
25,41,0.0687139
25,42,0.10523
25,43,0.0753672
25,44,0.0969824
25,45,0.090559
25,46,0.0703653
25,47,0.0686155
25,48,0.0786305
25,49,0.0789954
25,50,0.0899407
25,51,0.0793827
25,52,0.0691042
25,53,0.0703081
25,54,0.083088
25,55,0.0886608
25,56,0.0686822
25,57,0.117661
25,58,0.132141
25,59,0.129512
25,60,0.0806172
25,61,0.130469
25,62,0.0681744
25,63,0.0672995
25,64,0.0699433
25,65,0.0685557
25,66,0.0728626
25,67,0.115433
25,68,0.0643885
25,69,0.0850427
25,70,0.0741677
25,71,0.0713032
25,72,0.0766308
25,73,0.0718782
25,74,0.0641003
25,75,0.0804361
25,76,0.0651825
25,77,0.125013
25,78,0.0723306
25,79,0.116318
25,80,0.0974547
25,81,0.0779335
25,82,0.126175
25,83,0.0750766
25,84,0.0771671
25,85,0.0791813
25,86,0.105208
25,87,0.0815947
25,88,0.123841
25,89,0.130864
25,90,0.0739633
25,91,0.0907554
25,92,0.112052
25,93,0.0618259
25,94,0.124373
25,95,0.0692782
25,96,0.0763191
25,97,0.110382
26,27,0.0926468
26,28,0.0847024
26,29,0.0932721
26,30,0.136442
26,31,0.076794
26,32,0.08471
26,33,0.0816671
26,34,0.0849984
26,35,0.0799535
26,36,0.0780792
26,37,0.0837683
26,38,0.141701
26,39,0.0818422
26,40,0.124001
26,41,0.0753072
26,42,0.105744
26,43,0.0964037
26,44,0.0969424
26,45,0.09808
26,46,0.0814858
26,47,0.0552043
26,48,0.0619711
26,49,0.0924877
26,50,0.0992908
26,51,0.0696201
26,52,0.0554603
26,53,0.0797372
26,54,0.091683
26,55,0.0886545
26,56,0.0586999
26,57,0.116001
26,58,0.141638
26,59,0.135587
26,60,0.0707963
26,61,0.132299
26,62,0.0762187
26,63,0.075306
26,64,0.0788948
26,65,0.0624968
26,66,0.0854826
26,67,0.120105
26,68,0.0823801
26,69,0.0918727
26,70,0.0529805
26,71,0.063518
26,72,0.0698688
26,73,0.0694608
26,74,0.0478561
26,75,0.0902791
26,76,0.0713237
26,77,0.126691
26,78,0.0702431
26,79,0.123769
26,80,0.0953313
26,81,0.0572684
26,82,0.12488
26,83,0.0660703
26,84,0.0830277
26,85,0.076391
26,86,0.106626
26,87,0.0883627
26,88,0.129011
26,89,0.140278
26,90,0.0739562
26,91,0.0741068
26,92,0.108073
26,93,0.0549552
26,94,0.123112
26,95,0.0648352
26,96,0.0707384
26,97,0.0993119
27,28,0.0646412
27,29,0.0899553
27,30,0.1457
27,31,0.0683675
27,32,0.0736249
27,33,0.0779009
27,34,0.060197
27,35,0.0770524
27,36,0.0662479
27,37,0.0615214
27,38,0.142357
27,39,0.0636511
27,40,0.132817
27,41,0.0736088
27,42,0.11526
27,43,0.0740503
27,44,0.116735
27,45,0.0723955
27,46,0.078857
27,47,0.0975453
27,48,0.0898088
27,49,0.0245427
27,50,0.0829408
27,51,0.0904523
27,52,0.0992566
27,53,0.078857
27,54,0.0861712
27,55,0.100939
27,56,0.073594
27,57,0.131867
27,58,0.144757
27,59,0.146674
27,60,0.0913161
27,61,0.145673
27,62,0.0577172
27,63,0.0577031
27,64,0.0604572
27,65,0.0895821
27,66,0.0708373
27,67,0.129885
27,68,0.056377
27,69,0.0945698
27,70,0.0886909
27,71,0.085922
27,72,0.0928251
27,73,0.0763499
27,74,0.0791391
27,75,0.0656182
27,76,0.0548528
27,77,0.132996
27,78,0.0570061
27,79,0.114864
27,80,0.101125
27,81,0.0981178
27,82,0.131363
27,83,0.0774176
27,84,0.0767849
27,85,0.0912809
27,86,0.111583
27,87,0.0785998
27,88,0.139825
27,89,0.143903
27,90,0.0655839
27,91,0.0846609
27,92,0.115155
27,93,0.0676319
27,94,0.12914
27,95,0.0806873
27,96,0.0867886
27,97,0.102838
28,29,0.0824394
28,30,0.136648
28,31,0.0541015
28,32,0.0625322
28,33,0.0626894
28,34,0.0252671
28,35,0.0626555
28,36,0.0560508
28,37,0.0542271
28,38,0.131039
28,39,0.0207048
28,40,0.129777
28,41,0.0543685
28,42,0.120208
28,43,0.0682567
28,44,0.111224
28,45,0.0668461
28,46,0.0643768
28,47,0.0877818
28,48,0.0847805
28,49,0.0646464
28,50,0.0841248
28,51,0.0882014
28,52,0.0893637
28,53,0.0643768
28,54,0.0788398
28,55,0.09021
28,56,0.0724111
28,57,0.132019
28,58,0.144184
28,59,0.130886
28,60,0.0890548
28,61,0.132849
28,62,0.0218275
28,63,0.0235105
28,64,0.028706
28,65,0.0743525
28,66,0.0607019
28,67,0.117316
28,68,0.052331
28,69,0.0801509
28,70,0.0803484
28,71,0.0839182
28,72,0.0847182
28,73,0.0739465
28,74,0.0732212
28,75,0.0310723
28,76,0.0482143
28,77,0.123306
28,78,0.0279428
28,79,0.112674
28,80,0.093901
28,81,0.0862358
28,82,0.133186
28,83,0.0626961
28,84,0.0697554
28,85,0.0862865
28,86,0.113982
28,87,0.0723503
28,88,0.133507
28,89,0.143211
28,90,0.054131
28,91,0.0730988
28,92,0.118761
28,93,0.0547034
28,94,0.134966
28,95,0.0693332
28,96,0.077536
28,97,0.088281
29,30,0.130801
29,31,0.0816207
29,32,0.0728981
29,33,0.0895709
29,34,0.084304
29,35,0.093597
29,36,0.0725854
29,37,0.068272
29,38,0.132616
29,39,0.0774013
29,40,0.126419
29,41,0.0837944
29,42,0.102643
29,43,0.0772774
29,44,0.105365
29,45,0.0872396
29,46,0.0942505
29,47,0.0850578
29,48,0.0917609
29,49,0.0855566
29,50,0.0888297
29,51,0.0939059
29,52,0.085937
29,53,0.0933924
29,54,0.0851984
29,55,0.0981162
29,56,0.0827158
29,57,0.127736
29,58,0.14135
29,59,0.130713
29,60,0.0945013
29,61,0.131305
29,62,0.0733467
29,63,0.0706872
29,64,0.0706219
29,65,0.078776
29,66,0.0709971
29,67,0.113307
29,68,0.0644105
29,69,0.0859705
29,70,0.0742491
29,71,0.0862481
29,72,0.0834932
29,73,0.0532404
29,74,0.0733546
29,75,0.0778553
29,76,0.0593708
29,77,0.123147
29,78,0.0652449
29,79,0.115784
29,80,0.0937545
29,81,0.0803436
29,82,0.127829
29,83,0.0715816
29,84,0.0728343
29,85,0.0805081
29,86,0.109193
29,87,0.0788299
29,88,0.127545
29,89,0.144507
29,90,0.0601761
29,91,0.0833618
29,92,0.109345
29,93,0.0510364
29,94,0.119259
29,95,0.0668491
29,96,0.07381
29,97,0.0968095
30,31,0.117981
30,32,0.12133
30,33,0.122631
30,34,0.130969
30,35,0.125613
30,36,0.122954
30,37,0.116433
30,38,0.00980488
30,39,0.127655
30,40,0.132024
30,41,0.11458
30,42,0.0750285
30,43,0.129259
30,44,0.0758533
30,45,0.136121
30,46,0.124536
30,47,0.133558
30,48,0.133919
30,49,0.145638
30,50,0.127888
30,51,0.130965
30,52,0.133604
30,53,0.122507
30,54,0.100685
30,55,0.139601
30,56,0.131127
30,57,0.0791146
30,58,0.135722
30,59,0.0680868
30,60,0.131814
30,61,0.066717
30,62,0.12298
30,63,0.115374
30,64,0.123949
30,65,0.127106
30,66,0.115639
30,67,0.0632602
30,68,0.12984
30,69,0.135894
30,70,0.11769
30,71,0.125855
30,72,0.118599
30,73,0.105699
30,74,0.10519
30,75,0.139236
30,76,0.118433
30,77,0.0688276
30,78,0.102119
30,79,0.123471
30,80,0.0799187
30,81,0.122074
30,82,0.13489
30,83,0.0918049
30,84,0.129611
30,85,0.131488
30,86,0.0820942
30,87,0.131889
30,88,0.0719285
30,89,0.139905
30,90,0.111898
30,91,0.113165
30,92,0.0635532
30,93,0.111207
30,94,0.129695
30,95,0.114485
30,96,0.12088
30,97,0.106808
31,32,0.0720149
31,33,0.0112749
31,34,0.0606089
31,35,0.0139068
31,36,0.0681609
31,37,0.0633287
31,38,0.117771
31,39,0.0617784
31,40,0.109288
31,41,0.0104297
31,42,0.101688
31,43,0.0694195
31,44,0.0945775
31,45,0.0730572
31,46,0.0121269
31,47,0.0806101
31,48,0.07486
31,49,0.0691546
31,50,0.0788714
31,51,0.0717599
31,52,0.0796824
31,53,0.0130092
31,54,0.0660081
31,55,0.0857129
31,56,0.0697301
31,57,0.10639
31,58,0.119236
31,59,0.113437
31,60,0.0717599
31,61,0.114435
31,62,0.0605339
31,63,0.0605059
31,64,0.0663221
31,65,0.0806645
31,66,0.0710718
31,67,0.110302
31,68,0.0613837
31,69,0.0817508
31,70,0.0824572
31,71,0.0760039
31,72,0.0806041
31,73,0.065612
31,74,0.0731454
31,75,0.0659443
31,76,0.0594651
31,77,0.103373
31,78,0.060726
31,79,0.0945905
31,80,0.0948228
31,81,0.0883326
31,82,0.121561
31,83,0.0552792
31,84,0.0740374
31,85,0.0781992
31,86,0.107459
31,87,0.0672143
31,88,0.125969
31,89,0.122449
31,90,0.0654808
31,91,0.0725276
31,92,0.10764
31,93,0.066461
31,94,0.116184
31,95,0.0783149
31,96,0.0904393
31,97,0.0903269
32,33,0.0721053
32,34,0.0598532
32,35,0.074398
32,36,0.0689675
32,37,0.0608492
32,38,0.124691
32,39,0.0595981
32,40,0.112901
32,41,0.0727579
32,42,0.107493
32,43,0.0728115
32,44,0.103118
32,45,0.0751049
32,46,0.074198
32,47,0.0834545
32,48,0.0769372
32,49,0.068551
32,50,0.0836455
32,51,0.0822699
32,52,0.0836658
32,53,0.0723775
32,54,0.0664314
32,55,0.0868388
32,56,0.0692159
32,57,0.117273
32,58,0.133377
32,59,0.127913
32,60,0.0830236
32,61,0.129576
32,62,0.0589751
32,63,0.0581241
32,64,0.0632932
32,65,0.08979
32,66,0.0625652
32,67,0.12419
32,68,0.0539536
32,69,0.0832413
32,70,0.0877268
32,71,0.0741186
32,72,0.0869347
32,73,0.0727802
32,74,0.0867738
32,75,0.0590642
32,76,0.0617622
32,77,0.117884
32,78,0.0630052
32,79,0.0897178
32,80,0.0977036
32,81,0.0887208
32,82,0.130186
32,83,0.074
32,84,0.0691851
32,85,0.0753221
32,86,0.105135
32,87,0.0749744
32,88,0.134151
32,89,0.132284
32,90,0.072754
32,91,0.0835965
32,92,0.112968
32,93,0.0667453
32,94,0.129489
32,95,0.0787071
32,96,0.0786944
32,97,0.0921494
33,34,0.069768
33,35,0.003066
33,36,0.0662486
33,37,0.0633517
33,38,0.122866
33,39,0.0678453
33,40,0.123879
33,41,0
33,42,0.102622
33,43,0.0729461
33,44,0.0915098
33,45,0.0798139
33,46,0.00459819
33,47,0.0751364
33,48,0.0817677
33,49,0.0784672
33,50,0.0828421
33,51,0.0806791
33,52,0.0757977
33,53,0.00306988
33,54,0.0802468
33,55,0.0865293
33,56,0.0715485
33,57,0.118472
33,58,0.131568
33,59,0.125688
33,60,0.0809855
33,61,0.124644
33,62,0.0607016
33,63,0.060701
33,64,0.0668633
33,65,0.074556
33,66,0.0693981
33,67,0.108418
33,68,0.0671642
33,69,0.0796287
33,70,0.0814843
33,71,0.0772823
33,72,0.0835987
33,73,0.067072
33,74,0.0770051
33,75,0.0748942
33,76,0.0618927
33,77,0.114398
33,78,0.0597254
33,79,0.110615
33,80,0.0961322
33,81,0.0873744
33,82,0.12769
33,83,0.0593636
33,84,0.0825143
33,85,0.0832273
33,86,0.11282
33,87,0.0748911
33,88,0.125496
33,89,0.135097
33,90,0.0668683
33,91,0.0754089
33,92,0.110323
33,93,0.0678655
33,94,0.123015
33,95,0.0849488
33,96,0.0919233
33,97,0.0920031
34,35,0.0699369
34,36,0.0626479
34,37,0.0563448
34,38,0.128812
34,39,0.0122618
34,40,0.129084
34,41,0.0607299
34,42,0.111922
34,43,0.0700941
34,44,0.105181
34,45,0.0689468
34,46,0.0724503
34,47,0.0843104
34,48,0.0815399
34,49,0.0641051
34,50,0.0753156
34,51,0.0914899
34,52,0.0841222
34,53,0.0724482
34,54,0.0759089
34,55,0.0924611
34,56,0.06619
34,57,0.13126
34,58,0.14562
34,59,0.131301
34,60,0.0918424
34,61,0.132132
34,62,0.0133704
34,63,0.0125813
34,64,0.0133735
34,65,0.0799091
34,66,0.0598905
34,67,0.11512
34,68,0.0523741
34,69,0.0880771
34,70,0.077944
34,71,0.0779985
34,72,0.0860291
34,73,0.0716914
34,74,0.0757121
34,75,0.0172285
34,76,0.0482571
34,77,0.122011
34,78,0.00630594
34,79,0.105181
34,80,0.0881216
34,81,0.0838791
34,82,0.126261
34,83,0.0638852
34,84,0.0677417
34,85,0.0803124
34,86,0.109061
34,87,0.073975
34,88,0.127873
34,89,0.143411
34,90,0.0518907
34,91,0.0708681
34,92,0.110132
34,93,0.0583091
34,94,0.128459
34,95,0.066037
34,96,0.0742404
34,97,0.0871191
35,36,0.0694412
35,37,0.0670119
35,38,0.126697
35,39,0.0677291
35,40,0.126743
35,41,0.00246597
35,42,0.100877
35,43,0.0729245
35,44,0.0922201
35,45,0.0840079
35,46,0.00306838
35,47,0.078383
35,48,0.0824975
35,49,0.080029
35,50,0.0819979
35,51,0.0840742
35,52,0.0788506
35,53,0.00306368
35,54,0.083598
35,55,0.0848713
35,56,0.0723856
35,57,0.118904
35,58,0.130018
35,59,0.125978
35,60,0.0849138
35,61,0.126236
35,62,0.0596118
35,63,0.0596097
35,64,0.0660923
35,65,0.0789063
35,66,0.0706393
35,67,0.110061
35,68,0.0690492
35,69,0.0785882
35,70,0.0814843
35,71,0.080478
35,72,0.0835987
35,73,0.067072
35,74,0.0770051
35,75,0.075607
35,76,0.0618927
35,77,0.11781
35,78,0.0597254
35,79,0.113067
35,80,0.0961322
35,81,0.0873744
35,82,0.12769
35,83,0.0593636
35,84,0.0872375
35,85,0.0830872
35,86,0.11282
35,87,0.0789297
35,88,0.126294
35,89,0.132951
35,90,0.0668683
35,91,0.0754089
35,92,0.110323
35,93,0.0678655
35,94,0.123015
35,95,0.0849488
35,96,0.0919233
35,97,0.0920031
36,37,0.0616474
36,38,0.123192
36,39,0.0546765
36,40,0.109876
36,41,0.0676248
36,42,0.10555
36,43,0.066601
36,44,0.0999271
36,45,0.0115002
36,46,0.0691632
36,47,0.0789611
36,48,0.0864296
36,49,0.0669668
36,50,0.0827607
36,51,0.0881608
36,52,0.079101
36,53,0.0682216
36,54,0.0624344
36,55,0.0892091
36,56,0.0775323
36,57,0.109536
36,58,0.125195
36,59,0.117263
36,60,0.0876495
36,61,0.121252
36,62,0.0570197
36,63,0.0552484
36,64,0.0579096
36,65,0.0806619
36,66,0.0681395
36,67,0.116495
36,68,0.057056
36,69,0.0892362
36,70,0.0730893
36,71,0.0850923
36,72,0.0820885
36,73,0.070523
36,74,0.0818403
36,75,0.0601252
36,76,0.0494179
36,77,0.116827
36,78,0.0562745
36,79,0.0913098
36,80,0.0804586
36,81,0.0827317
36,82,0.11332
36,83,0.0655542
36,84,0.0684417
36,85,0.0806844
36,86,0.101118
36,87,0.0742392
36,88,0.123184
36,89,0.123989
36,90,0.0668844
36,91,0.0749449
36,92,0.100562
36,93,0.0570449
36,94,0.111237
36,95,0.0676398
36,96,0.0787709
36,97,0.0843346
37,38,0.117797
37,39,0.0518281
37,40,0.108968
37,41,0.0653308
37,42,0.102849
37,43,0.0608136
37,44,0.104072
37,45,0.0609281
37,46,0.0668315
37,47,0.0824662
37,48,0.0827774
37,49,0.0565322
37,50,0.0720446
37,51,0.0757419
37,52,0.0826741
37,53,0.0650056
37,54,0.0674223
37,55,0.0896792
37,56,0.0646052
37,57,0.111374
37,58,0.12434
37,59,0.12698
37,60,0.0755251
37,61,0.121745
37,62,0.0512999
37,63,0.0513363
37,64,0.0521379
37,65,0.0781373
37,66,0.0557191
37,67,0.118521
37,68,0.0455901
37,69,0.084201
37,70,0.0889648
37,71,0.0758403
37,72,0.0917042
37,73,0.0659268
37,74,0.0803565
37,75,0.0526213
37,76,0.0526966
37,77,0.113182
37,78,0.0536998
37,79,0.0926225
37,80,0.0950325
37,81,0.0959746
37,82,0.12442
37,83,0.0627523
37,84,0.0570449
37,85,0.077386
37,86,0.118001
37,87,0.062106
37,88,0.132963
37,89,0.125387
37,90,0.0610661
37,91,0.0743386
37,92,0.111531
37,93,0.0665369
37,94,0.121402
37,95,0.0762656
37,96,0.0811179
37,97,0.0858221
38,39,0.126984
38,40,0.130747
38,41,0.114383
38,42,0.0769697
38,43,0.130044
38,44,0.0751113
38,45,0.133422
38,46,0.125377
38,47,0.141039
38,48,0.133383
38,49,0.144174
38,50,0.13322
38,51,0.12915
38,52,0.140512
38,53,0.123511
38,54,0.101569
38,55,0.140995
38,56,0.132874
38,57,0.0840578
38,58,0.137456
38,59,0.065232
38,60,0.129253
38,61,0.063696
38,62,0.124405
38,63,0.11676
38,64,0.125377
38,65,0.130524
38,66,0.118949
38,67,0.0627403
38,68,0.129898
38,69,0.137975
38,70,0.125363
38,71,0.126846
38,72,0.12087
38,73,0.10798
38,74,0.104949
38,75,0.138915
38,76,0.123241
38,77,0.0706444
38,78,0.104354
38,79,0.120758
38,80,0.0821151
38,81,0.12961
38,82,0.138837
38,83,0.0917336
38,84,0.132327
38,85,0.129943
38,86,0.0831696
38,87,0.135388
38,88,0.0718832
38,89,0.142531
38,90,0.114163
38,91,0.117963
38,92,0.0657255
38,93,0.113558
38,94,0.13207
38,95,0.116782
38,96,0.123181
38,97,0.109122
39,40,0.127246
39,41,0.0596766
39,42,0.110782
39,43,0.0686699
39,44,0.105555
39,45,0.0658645
39,46,0.0696908
39,47,0.0848589
39,48,0.0922793
39,49,0.0709983
39,50,0.0735129
39,51,0.0976706
39,52,0.0886463
39,53,0.069571
39,54,0.0780245
39,55,0.083812
39,56,0.0715513
39,57,0.128497
39,58,0.140959
39,59,0.126974
39,60,0.0985337
39,61,0.1294
39,62,0.0150081
39,63,0.010548
39,64,0.0132219
39,65,0.0780416
39,66,0.057704
39,67,0.109197
39,68,0.0474067
39,69,0.0862804
39,70,0.0755333
39,71,0.0777107
39,72,0.0884031
39,73,0.0765361
39,74,0.0780958
39,75,0.0141176
39,76,0.0516597
39,77,0.120806
39,78,0.0202779
39,79,0.111068
39,80,0.0904373
39,81,0.0815052
39,82,0.126242
39,83,0.0696013
39,84,0.0700515
39,85,0.0880879
39,86,0.112803
39,87,0.0735472
39,88,0.122002
39,89,0.137408
39,90,0.0565278
39,91,0.077848
39,92,0.116377
39,93,0.0619157
39,94,0.127153
39,95,0.0683388
39,96,0.0753697
39,97,0.0907547
40,41,0.108262
40,42,0.113408
40,43,0.118401
40,44,0.116736
40,45,0.128635
40,46,0.125641
40,47,0.122583
40,48,0.115295
40,49,0.133856
40,50,0.133041
40,51,0.1201
40,52,0.119828
40,53,0.125534
40,54,0.107428
40,55,0.13234
40,56,0.124812
40,57,0.121691
40,58,0.13086
40,59,0.13671
40,60,0.119638
40,61,0.128259
40,62,0.114258
40,63,0.11331
40,64,0.117154
40,65,0.119745
40,66,0.109988
40,67,0.115243
40,68,0.117574
40,69,0.13267
40,70,0.108586
40,71,0.115008
40,72,0.11309
40,73,0.0970085
40,74,0.102434
40,75,0.132498
40,76,0.115463
40,77,0.133614
40,78,0.110236
40,79,0.133484
40,80,0.122577
40,81,0.111806
40,82,0.131757
40,83,0.105116
40,84,0.123156
40,85,0.124935
40,86,0.126277
40,87,0.130589
40,88,0.127638
40,89,0.134851
40,90,0.103716
40,91,0.123287
40,92,0.122502
40,93,0.0959455
40,94,0.129588
40,95,0.105639
40,96,0.11565
40,97,0.120297
41,42,0.102145
41,43,0.0699963
41,44,0.0909806
41,45,0.0756559
41,46,0.00164385
41,47,0.0769751
41,48,0.0780439
41,49,0.072706
41,50,0.0798282
41,51,0.0752223
41,52,0.0769751
41,53,0.00164385
41,54,0.0696112
41,55,0.0761448
41,56,0.0693061
41,57,0.107649
41,58,0.118934
41,59,0.111203
41,60,0.0752223
41,61,0.112141
41,62,0.0598162
41,63,0.0598065
41,64,0.0663147
41,65,0.0772214
41,66,0.0690078
41,67,0.108401
41,68,0.060553
41,69,0.0790842
41,70,0.0814843
41,71,0.07466
41,72,0.0835987
41,73,0.067072
41,74,0.0770051
41,75,0.0666137
41,76,0.0618927
41,77,0.103673
41,78,0.0597254
41,79,0.0981735
41,80,0.0961322
41,81,0.0873744
41,82,0.12769
41,83,0.0593636
41,84,0.0773809
41,85,0.0781961
41,86,0.11282
41,87,0.0698156
41,88,0.124501
41,89,0.121993
41,90,0.0668683
41,91,0.0754089
41,92,0.110323
41,93,0.0678655
41,94,0.123015
41,95,0.0849488
41,96,0.0919233
41,97,0.0920031
42,43,0.117043
42,44,0.0538594
42,45,0.114273
42,46,0.103418
42,47,0.107073
42,48,0.103856
42,49,0.117269
42,50,0.101113
42,51,0.104526
42,52,0.107052
42,53,0.103416
42,54,0.0997891
42,55,0.114914
42,56,0.101822
42,57,0.0747598
42,58,0.125097
42,59,0.0862903
42,60,0.10585
42,61,0.0783121
42,62,0.116637
42,63,0.111811
42,64,0.116634
42,65,0.113358
42,66,0.0935667
42,67,0.0653251
42,68,0.093189
42,69,0.109672
42,70,0.0989067
42,71,0.100773
42,72,0.107856
42,73,0.0813954
42,74,0.0818056
42,75,0.115269
42,76,0.100956
42,77,0.068102
42,78,0.0930258
42,79,0.117737
42,80,0.0605461
42,81,0.103582
42,82,0.123655
42,83,0.0893226
42,84,0.117382
42,85,0.0995872
42,86,0.0774688
42,87,0.120926
42,88,0.0712241
42,89,0.13055
42,90,0.0921955
42,91,0.104879
42,92,0.0660703
42,93,0.0909108
42,94,0.112694
42,95,0.0866508
42,96,0.097633
42,97,0.0835461
43,44,0.113809
43,45,0.0774053
43,46,0.0720432
43,47,0.0977981
43,48,0.0943607
43,49,0.0762143
43,50,0.0921052
43,51,0.0978129
43,52,0.0985893
43,53,0.0720432
43,54,0.07676
43,55,0.0877253
43,56,0.0927079
43,57,0.132735
43,58,0.131956
43,59,0.139782
43,60,0.0987051
43,61,0.139868
43,62,0.063382
43,63,0.0615913
43,64,0.0614688
43,65,0.0877454
43,66,0.0644033
43,67,0.13552
43,68,0.0587065
43,69,0.0877536
43,70,0.0887277
43,71,0.0957538
43,72,0.0951154
43,73,0.0706168
43,74,0.0887562
43,75,0.0711914
43,76,0.052629
43,77,0.134608
43,78,0.0619623
43,79,0.105814
43,80,0.110663
43,81,0.0981846
43,82,0.144343
43,83,0.0788822
43,84,0.0764876
43,85,0.0887317
43,86,0.120441
43,87,0.0763413
43,88,0.137917
43,89,0.133986
43,90,0.071737
43,91,0.0882736
43,92,0.120234
43,93,0.0580963
43,94,0.131832
43,95,0.0857168
43,96,0.088084
43,97,0.0955442
44,45,0.118268
44,46,0.0932667
44,47,0.0955698
44,48,0.102537
44,49,0.112218
44,50,0.107571
44,51,0.102052
44,52,0.0961286
44,53,0.0931129
44,54,0.103201
44,55,0.105301
44,56,0.0953816
44,57,0.0766574
44,58,0.129543
44,59,0.0792428
44,60,0.102914
44,61,0.0802707
44,62,0.105797
44,63,0.101902
44,64,0.107767
44,65,0.11299
44,66,0.099264
44,67,0.0613705
44,68,0.0929359
44,69,0.108293
44,70,0.105384
44,71,0.0960632
44,72,0.104108
44,73,0.0850397
44,74,0.082031
44,75,0.110135
44,76,0.0975418
44,77,0.0800159
44,78,0.0895236
44,79,0.121679
44,80,0.0660608
44,81,0.106159
44,82,0.125539
44,83,0.0852568
44,84,0.116238
44,85,0.10684
44,86,0.0674939
44,87,0.119154
44,88,0.0676221
44,89,0.132514
44,90,0.0944188
44,91,0.101075
44,92,0.0642965
44,93,0.0908937
44,94,0.117207
44,95,0.10139
44,96,0.111358
44,97,0.0907962
45,46,0.0845752
45,47,0.0976143
45,48,0.108659
45,49,0.0727407
45,50,0.100455
45,51,0.108888
45,52,0.0976074
45,53,0.0837282
45,54,0.0851303
45,55,0.107566
45,56,0.088987
45,57,0.128881
45,58,0.139932
45,59,0.139079
45,60,0.109072
45,61,0.138681
45,62,0.0564849
45,63,0.0556311
45,64,0.059097
45,65,0.0893024
45,66,0.0681373
45,67,0.122239
45,68,0.0625295
45,69,0.0925874
45,70,0.0868829
45,71,0.10057
45,72,0.0968264
45,73,0.0765185
45,74,0.0928497
45,75,0.0711948
45,76,0.0540315
45,77,0.140626
45,78,0.057475
45,79,0.112426
45,80,0.095086
45,81,0.0962844
45,82,0.12618
45,83,0.0719169
45,84,0.0773
45,85,0.102209
45,86,0.116733
45,87,0.081994
45,88,0.134016
45,89,0.141003
45,90,0.0718485
45,91,0.0814047
45,92,0.110428
45,93,0.0630937
45,94,0.125656
45,95,0.0717567
45,96,0.0811898
45,97,0.0921382
46,47,0.0799236
46,48,0.0835696
46,49,0.0817222
46,50,0.0839684
46,51,0.0848637
46,52,0.0796958
46,53,0.00153088
46,54,0.0817593
46,55,0.0847955
46,56,0.0741661
46,57,0.117676
46,58,0.128897
46,59,0.124909
46,60,0.0857035
46,61,0.124952
46,62,0.0612888
46,63,0.0612979
46,64,0.0677865
46,65,0.0786919
46,66,0.0704507
46,67,0.109755
46,68,0.0689671
46,69,0.0803091
46,70,0.0814843
46,71,0.0821225
46,72,0.0835987
46,73,0.067072
46,74,0.0770051
46,75,0.0775036
46,76,0.0618927
46,77,0.115819
46,78,0.0597254
46,79,0.110901
46,80,0.0961322
46,81,0.0873744
46,82,0.12769
46,83,0.0593636
46,84,0.089001
46,85,0.0850487
46,86,0.11282
46,87,0.0806868
46,88,0.124797
46,89,0.131824
46,90,0.0668683
46,91,0.0754089
46,92,0.110323
46,93,0.0678655
46,94,0.123015
46,95,0.0849488
46,96,0.0919233
46,97,0.0920031
47,48,0.0691885
47,49,0.0951124
47,50,0.101144
47,51,0.071477
47,52,0.000733574
47,53,0.0782056
47,54,0.0926857
47,55,0.0946639
47,56,0.0584154
47,57,0.121373
47,58,0.136223
47,59,0.133724
47,60,0.0727149
47,61,0.130524
47,62,0.0787748
47,63,0.076999
47,64,0.0797018
47,65,0.0605281
47,66,0.086122
47,67,0.114264
47,68,0.0803892
47,69,0.0895477
47,70,0.0495328
47,71,0.063198
47,72,0.0722444
47,73,0.071897
47,74,0.0550447
47,75,0.0913104
47,76,0.0691013
47,77,0.127518
47,78,0.0748514
47,79,0.12367
47,80,0.0941198
47,81,0.0550959
47,82,0.128838
47,83,0.0749249
47,84,0.0892863
47,85,0.0795129
47,86,0.105417
47,87,0.0909861
47,88,0.127189
47,89,0.13477
47,90,0.0810904
47,91,0.0833284
47,92,0.11324
47,93,0.065508
47,94,0.120602
47,95,0.073991
47,96,0.0763378
47,97,0.100463
48,49,0.0901092
48,50,0.103518
48,51,0.0328334
48,52,0.0693012
48,53,0.0842984
48,54,0.101442
48,55,0.0902366
48,56,0.0648353
48,57,0.119235
48,58,0.127253
48,59,0.133613
48,60,0.0346114
48,61,0.128078
48,62,0.0771207
48,63,0.0771583
48,64,0.0801719
48,65,0.0637208
48,66,0.0878339
48,67,0.111855
48,68,0.0798532
48,69,0.0943941
48,70,0.0624164
48,71,0.0707655
48,72,0.071337
48,73,0.0717044
48,74,0.0345319
48,75,0.0928644
48,76,0.0710556
48,77,0.127525
48,78,0.0594844
48,79,0.12722
48,80,0.0977222
48,81,0.0653202
48,82,0.116508
48,83,0.0783639
48,84,0.0896093
48,85,0.0827855
48,86,0.109011
48,87,0.0945468
48,88,0.123689
48,89,0.126802
48,90,0.0846687
48,91,0.0810565
48,92,0.105595
48,93,0.0618141
48,94,0.112679
48,95,0.0763006
48,96,0.0762564
48,97,0.103147
49,50,0.0914837
49,51,0.0888168
49,52,0.095411
49,53,0.0798483
49,54,0.0850624
49,55,0.0992297
49,56,0.0710714
49,57,0.132846
49,58,0.14922
49,59,0.146324
49,60,0.0894908
49,61,0.14894
49,62,0.0545868
49,63,0.058875
49,64,0.0571389
49,65,0.0860385
49,66,0.0686028
49,67,0.128933
49,68,0.0541307
49,69,0.0902992
49,70,0.0935924
49,71,0.084323
49,72,0.0999957
49,73,0.0800436
49,74,0.0827081
49,75,0.0672041
49,76,0.0537459
49,77,0.128501
49,78,0.0570424
49,79,0.111592
49,80,0.102259
49,81,0.101757
49,82,0.131367
49,83,0.0751469
49,84,0.075794
49,85,0.0965381
49,86,0.108809
49,87,0.0763612
49,88,0.143513
49,89,0.147254
49,90,0.0680171
49,91,0.080071
49,92,0.116436
49,93,0.0701113
49,94,0.127877
49,95,0.0807734
49,96,0.0856504
49,97,0.0991899
50,51,0.108642
50,52,0.102549
50,53,0.0838266
50,54,0.0914202
50,55,0.0964536
50,56,0.0851501
50,57,0.128861
50,58,0.156351
50,59,0.138822
50,60,0.109532
50,61,0.136825
50,62,0.0718295
50,63,0.0679781
50,64,0.0708819
50,65,0.101472
50,66,0.0730768
50,67,0.122444
50,68,0.0745958
50,69,0.0953148
50,70,0.093098
50,71,0.0954862
50,72,0.101535
50,73,0.0764891
50,74,0.093958
50,75,0.080672
50,76,0.0641753
50,77,0.121709
50,78,0.0665536
50,79,0.123576
50,80,0.105177
50,81,0.0987773
50,82,0.142796
50,83,0.0810785
50,84,0.0843833
50,85,0.0893353
50,86,0.12751
50,87,0.08984
50,88,0.131247
50,89,0.156352
50,90,0.0740982
50,91,0.093309
50,92,0.111808
50,93,0.0725747
50,94,0.140072
50,95,0.0845451
50,96,0.0905663
50,97,0.091851
51,52,0.0707616
51,53,0.0828847
51,54,0.100984
51,55,0.104389
51,56,0.070689
51,57,0.123648
51,58,0.126798
51,59,0.134709
51,60,0.00135281
51,61,0.129199
51,62,0.0802462
51,63,0.0802975
51,64,0.0793585
51,65,0.0679208
51,66,0.0865256
51,67,0.112078
51,68,0.0860081
51,69,0.0977189
51,70,0.0609344
51,71,0.0790537
51,72,0.0734799
51,73,0.0669775
51,74,0.00419496
51,75,0.096208
51,76,0.0674506
51,77,0.130118
51,78,0.0698964
51,79,0.11997
51,80,0.0920392
51,81,0.0616611
51,82,0.121904
51,83,0.0781733
51,84,0.0796592
51,85,0.0967942
51,86,0.106678
51,87,0.0863368
51,88,0.115836
51,89,0.128438
51,90,0.0785108
51,91,0.0821129
51,92,0.107065
51,93,0.0651987
51,94,0.117745
51,95,0.0760329
51,96,0.0771894
51,97,0.0982541
52,53,0.0787349
52,54,0.0922593
52,55,0.0947428
52,56,0.0597264
52,57,0.122491
52,58,0.136664
52,59,0.133691
52,60,0.0731624
52,61,0.130796
52,62,0.0789724
52,63,0.077192
52,64,0.0799023
52,65,0.0606773
52,66,0.0863402
52,67,0.114561
52,68,0.0817362
52,69,0.0910194
52,70,0.0495328
52,71,0.0645543
52,72,0.0722444
52,73,0.071897
52,74,0.0550447
52,75,0.0922723
52,76,0.0691013
52,77,0.128372
52,78,0.0748514
52,79,0.123966
52,80,0.0941198
52,81,0.0550959
52,82,0.128838
52,83,0.0749249
52,84,0.0858759
52,85,0.0867204
52,86,0.105417
52,87,0.088858
52,88,0.126212
52,89,0.135879
52,90,0.0810904
52,91,0.0833284
52,92,0.11324
52,93,0.065508
52,94,0.120602
52,95,0.073991
52,96,0.0763378
52,97,0.100463
53,54,0.0816923
53,55,0.0829308
53,56,0.0741661
53,57,0.115841
53,58,0.128785
53,59,0.122883
53,60,0.0837234
53,61,0.123137
53,62,0.059506
53,63,0.0595029
53,64,0.0659725
53,65,0.0768385
53,66,0.0686463
53,67,0.107846
53,68,0.0689102
53,69,0.0784533
53,70,0.0814843
53,71,0.0802351
53,72,0.0835987
53,73,0.067072
53,74,0.0757748
53,75,0.0773763
53,76,0.0618927
53,77,0.115721
53,78,0.0597254
53,79,0.110991
53,80,0.0961322
53,81,0.0873744
53,82,0.12769
53,83,0.0593636
53,84,0.086143
53,85,0.084905
53,86,0.11282
53,87,0.0788022
53,88,0.123807
53,89,0.131709
53,90,0.0657072
53,91,0.0754089
53,92,0.110323
53,93,0.0678655
53,94,0.123015
53,95,0.0849488
53,96,0.0919233
53,97,0.0920031
54,55,0.0967147
54,56,0.0917368
54,57,0.099291
54,58,0.120692
54,59,0.105265
54,60,0.102367
54,61,0.103002
54,62,0.0603587
54,63,0.0621572
54,64,0.0638509
54,65,0.0806269
54,66,0.0683854
54,67,0.0968292
54,68,0.0682642
54,69,0.0915843
54,70,0.0739267
54,71,0.0881982
54,72,0.0834607
54,73,0.0657741
54,74,0.0803878
54,75,0.0838478
54,76,0.0628367
54,77,0.0898547
54,78,0.0653874
54,79,0.0346222
54,80,0.090135
54,81,0.0835789
54,82,0.113726
54,83,0.061432
54,84,0.0800669
54,85,0.096728
54,86,0.0925935
54,87,0.0869595
54,88,0.10087
54,89,0.121319
54,90,0.069098
54,91,0.080913
54,92,0.093466
54,93,0.0627497
54,94,0.108957
54,95,0.0725139
54,96,0.0795352
54,97,0.0954875
55,56,0.0931293
55,57,0.126787
55,58,0.144364
55,59,0.137066
55,60,0.105129
55,61,0.139849
55,62,0.0813646
55,63,0.0822053
55,64,0.0876703
55,65,0.0956982
55,66,0.0841858
55,67,0.119294
55,68,0.0862587
55,69,0.0900009
55,70,0.0836783
55,71,0.0905743
55,72,0.0797941
55,73,0.0749047
55,74,0.0899244
55,75,0.0946635
55,76,0.0742962
55,77,0.133647
55,78,0.0713508
55,79,0.129881
55,80,0.102077
55,81,0.091909
55,82,0.128819
55,83,0.0817741
55,84,0.0972212
55,85,0.0947234
55,86,0.119954
55,87,0.0986741
55,88,0.134728
55,89,0.141968
55,90,0.0821488
55,91,0.0962112
55,92,0.114727
55,93,0.057053
55,94,0.126647
55,95,0.0832331
55,96,0.0915196
55,97,0.108776
56,57,0.115739
56,58,0.140742
56,59,0.135785
56,60,0.0715296
56,61,0.131737
56,62,0.0599232
56,63,0.0609011
56,64,0.0646073
56,65,0.0674556
56,66,0.0739803
56,67,0.115338
56,68,0.0644991
56,69,0.0856334
56,70,0.068371
56,71,0.0605827
56,72,0.0754719
56,73,0.0718799
56,74,0.0626953
56,75,0.0730789
56,76,0.0618342
56,77,0.121035
56,78,0.0560853
56,79,0.119673
56,80,0.0870146
56,81,0.0711422
56,82,0.132838
56,83,0.0706362
56,84,0.0754086
56,85,0.0716547
56,86,0.106404
56,87,0.0798996
56,88,0.130091
56,89,0.139742
56,90,0.0752972
56,91,0.0708322
56,92,0.104179
56,93,0.0607246
56,94,0.123935
56,95,0.0636954
56,96,0.0682644
56,97,0.0894052
57,58,0.126134
57,59,0.0868565
57,60,0.124501
57,61,0.0840195
57,62,0.124742
57,63,0.121754
57,64,0.128684
57,65,0.123073
57,66,0.114608
57,67,0.0774149
57,68,0.113542
57,69,0.129638
57,70,0.104953
57,71,0.111491
57,72,0.116126
57,73,0.0994289
57,74,0.0901377
57,75,0.136008
57,76,0.111956
57,77,0.0771683
57,78,0.109342
57,79,0.116414
57,80,0.0895097
57,81,0.109503
57,82,0.119147
57,83,0.0879675
57,84,0.127668
57,85,0.123418
57,86,0.073981
57,87,0.132471
57,88,0.0794484
57,89,0.128007
57,90,0.112217
57,91,0.115516
57,92,0.070476
57,93,0.102147
57,94,0.111118
57,95,0.102378
57,96,0.114765
57,97,0.107068
58,59,0.1271
58,60,0.127643
58,61,0.129058
58,62,0.137278
58,63,0.135255
58,64,0.135226
58,65,0.129574
58,66,0.133562
58,67,0.119228
58,68,0.135597
58,69,0.149642
58,70,0.131122
58,71,0.128937
58,72,0.133955
58,73,0.122662
58,74,0.113219
58,75,0.145191
58,76,0.135627
58,77,0.133853
58,78,0.125162
58,79,0.13988
58,80,0.140701
58,81,0.13779
58,82,0.00555943
58,83,0.117183
58,84,0.140504
58,85,0.142824
58,86,0.130089
58,87,0.14517
58,88,0.114721
58,89,0.00516098
58,90,0.133884
58,91,0.138564
58,92,0.131744
58,93,0.116928
58,94,0.0137162
58,95,0.128582
58,96,0.131645
58,97,0.141366
59,60,0.13463
59,61,0.0145203
59,62,0.122563
59,63,0.118695
59,64,0.124572
59,65,0.130116
59,66,0.119048
59,67,0.0138838
59,68,0.12908
59,69,0.137186
59,70,0.12552
59,71,0.12581
59,72,0.124814
59,73,0.0929853
59,74,0.102462
59,75,0.140443
59,76,0.114109
59,77,0.0670039
59,78,0.0975671
59,79,0.12799
59,80,0.0843257
59,81,0.131017
59,82,0.120438
59,83,0.0878779
59,84,0.129337
59,85,0.140211
59,86,0.0747079
59,87,0.129189
59,88,0.0690759
59,89,0.128061
59,90,0.106487
59,91,0.121551
59,92,0.0691348
59,93,0.105606
59,94,0.116302
59,95,0.116999
59,96,0.124675
59,97,0.115399
60,61,0.129129
60,62,0.0809779
60,63,0.0810304
60,64,0.0800818
60,65,0.0685341
60,66,0.0873187
60,67,0.113125
60,68,0.0875609
60,69,0.0993719
60,70,0.0609344
60,71,0.0804319
60,72,0.0734799
60,73,0.0669775
60,74,0.00419496
60,75,0.097111
60,76,0.0674506
60,77,0.130411
60,78,0.0698964
60,79,0.121877
60,80,0.0920392
60,81,0.0616611
60,82,0.121904
60,83,0.0781733
60,84,0.0796183
60,85,0.0959496
60,86,0.106678
60,87,0.0870189
60,88,0.115836
60,89,0.130435
60,90,0.0785108
60,91,0.0821129
60,92,0.107065
60,93,0.0651987
60,94,0.117745
60,95,0.0760329
60,96,0.0771894
60,97,0.0982541
61,62,0.125293
61,63,0.121493
61,64,0.12726
61,65,0.123816
61,66,0.116005
61,67,0.0103305
61,68,0.129018
61,69,0.137035
61,70,0.114787
61,71,0.123109
61,72,0.118325
61,73,0.0929112
61,74,0.0962635
61,75,0.142802
61,76,0.113968
61,77,0.068107
61,78,0.0963044
61,79,0.124784
61,80,0.0807443
61,81,0.120449
61,82,0.121733
61,83,0.0855304
61,84,0.13127
61,85,0.13541
61,86,0.0747222
61,87,0.133024
61,88,0.0707067
61,89,0.131882
61,90,0.105167
61,91,0.117889
61,92,0.0645719
61,93,0.102924
61,94,0.117519
61,95,0.113084
61,96,0.119449
61,97,0.111471
62,63,0.00852966
62,64,0.00776871
62,65,0.0770165
62,66,0.0522596
62,67,0.118137
62,68,0.0479409
62,69,0.076996
62,70,0.0827796
62,71,0.0766271
62,72,0.0908012
62,73,0.0727036
62,74,0.0804136
62,75,0.0151137
62,76,0.0437712
62,77,0.115624
62,78,0.0202277
62,79,0.0941127
62,80,0.0951013
62,81,0.0886222
62,82,0.127371
62,83,0.0638517
62,84,0.0575639
62,85,0.0723555
62,86,0.11288
62,87,0.0616565
62,88,0.135215
62,89,0.135077
62,90,0.0530311
62,91,0.0730425
62,92,0.11869
62,93,0.0546437
62,94,0.1258
62,95,0.065804
62,96,0.0739473
62,97,0.0869944
63,64,0.00852966
63,65,0.0778619
63,66,0.0581669
63,67,0.11541
63,68,0.0462884
63,69,0.0788568
63,70,0.0730863
63,71,0.0721376
63,72,0.0859846
63,73,0.0692067
63,74,0.0780351
63,75,0.0116812
63,76,0.0426821
63,77,0.11292
63,78,0.0170042
63,79,0.0951307
63,80,0.0868228
63,81,0.0791001
63,82,0.121851
63,83,0.0638244
63,84,0.0558287
63,85,0.0733402
63,86,0.107921
63,87,0.0616829
63,88,0.130869
63,89,0.132106
63,90,0.0507062
63,91,0.0719453
63,92,0.112474
63,93,0.0511526
63,94,0.121894
63,95,0.0624727
63,96,0.0705975
63,97,0.0833686
64,65,0.0778729
64,66,0.0565291
64,67,0.120034
64,68,0.0496163
64,69,0.0832922
64,70,0.0803027
64,71,0.0757632
64,72,0.0931086
64,73,0.0763161
64,74,0.0803988
64,75,0.0133862
64,76,0.0460148
64,77,0.113717
64,78,0.0191455
64,79,0.0978198
64,80,0.0951048
64,81,0.0861923
64,82,0.125951
64,83,0.0729555
64,84,0.0584193
64,85,0.0753534
64,86,0.11669
64,87,0.0642586
64,88,0.134126
64,89,0.133087
64,90,0.0564758
64,91,0.0776979
64,92,0.119955
64,93,0.0593829
64,94,0.121767
64,95,0.0681773
64,96,0.0763859
64,97,0.0894499
65,66,0.0833071
65,67,0.120506
65,68,0.0736642
65,69,0.0940079
65,70,0.0719109
65,71,0.0662902
65,72,0.0731264
65,73,0.0683395
65,74,0.0651342
65,75,0.0851807
65,76,0.0723014
65,77,0.11879
65,78,0.0736838
65,79,0.112755
65,80,0.105848
65,81,0.0745937
65,82,0.133042
65,83,0.074041
65,84,0.0789235
65,85,0.0773617
65,86,0.123126
65,87,0.0810245
65,88,0.138975
65,89,0.129516
65,90,0.0834557
65,91,0.0931251
65,92,0.1142
65,93,0.0657476
65,94,0.129463
65,95,0.0740391
65,96,0.0824124
65,97,0.10522
66,67,0.111999
66,68,0.0514225
66,69,0.073676
66,70,0.0866699
66,71,0.0756695
66,72,0.0918976
66,73,0.0634136
66,74,0.0842173
66,75,0.0592896
66,76,0.0516545
66,77,0.11428
66,78,0.0549003
66,79,0.0898782
66,80,0.0942023
66,81,0.0961119
66,82,0.136416
66,83,0.0683427
66,84,0.0665429
66,85,0.0725132
66,86,0.114209
66,87,0.0696963
66,88,0.135611
66,89,0.135403
66,90,0.0566821
66,91,0.0777299
66,92,0.116572
66,93,0.0607401
66,94,0.1353
66,95,0.0763465
66,96,0.0786447
66,97,0.0823604
67,68,0.114616
67,69,0.125294
67,70,0.114935
67,71,0.102795
67,72,0.115915
67,73,0.0930248
67,74,0.0974644
67,75,0.123107
67,76,0.111517
67,77,0.0642083
67,78,0.0926299
67,79,0.120822
67,80,0.0796454
67,81,0.12058
67,82,0.116259
67,83,0.0843007
67,84,0.120167
67,85,0.121281
67,86,0.0699932
67,87,0.118818
67,88,0.0689172
67,89,0.123255
67,90,0.0989656
67,91,0.116539
67,92,0.0633722
67,93,0.100456
67,94,0.112381
67,95,0.106945
67,96,0.11446
67,97,0.112847
68,69,0.076246
68,70,0.0694403
68,71,0.0743851
68,72,0.0882734
68,73,0.0611684
68,74,0.0779592
68,75,0.0492469
68,76,0.046132
68,77,0.118468
68,78,0.0457145
68,79,0.0927377
68,80,0.0843336
68,81,0.0779169
68,82,0.121746
68,83,0.0627143
68,84,0.0568297
68,85,0.0775079
68,86,0.103926
68,87,0.0591194
68,88,0.130846
68,89,0.131354
68,90,0.0577381
68,91,0.0776719
68,92,0.104171
68,93,0.0535043
68,94,0.121593
68,95,0.0646907
68,96,0.0693476
68,97,0.0822482
69,70,0.0898926
69,71,0.0909488
69,72,0.104997
69,73,0.0726868
69,74,0.0901897
69,75,0.0908053
69,76,0.0792733
69,77,0.140289
69,78,0.0822134
69,79,0.110474
69,80,0.106685
69,81,0.100577
69,82,0.15645
69,83,0.0818289
69,84,0.0916909
69,85,0.0942902
69,86,0.118816
69,87,0.0927211
69,88,0.143046
69,89,0.157231
69,90,0.0883254
69,91,0.0951885
69,92,0.127385
69,93,0.0584515
69,94,0.149666
69,95,0.0812047
69,96,0.089427
69,97,0.110282
70,71,0.0637856
70,72,0.0718762
70,73,0.0819659
70,74,0.0628507
70,75,0.0815536
70,76,0.0804625
70,77,0.114858
70,78,0.0829848
70,79,0.110123
70,80,0.0942507
70,81,0.0138329
70,82,0.134799
70,83,0.0848822
70,84,0.0852735
70,85,0.0767168
70,86,0.124691
70,87,0.0926308
70,88,0.121541
70,89,0.130961
70,90,0.0885466
70,91,0.0835239
70,92,0.126828
70,93,0.070493
70,94,0.129732
70,95,0.0792818
70,96,0.0827827
70,97,0.0990193
71,72,0.0699943
71,73,0.062738
71,74,0.0659062
71,75,0.0847585
71,76,0.0678432
71,77,0.114485
71,78,0.066744
71,79,0.122531
71,80,0.0919532
71,81,0.0666583
71,82,0.128521
71,83,0.0683765
71,84,0.0749085
71,85,0.0759025
71,86,0.109445
71,87,0.079722
71,88,0.113548
71,89,0.128379
71,90,0.0707255
71,91,0.0744309
71,92,0.103365
71,93,0.0659307
71,94,0.117092
71,95,0.0650791
71,96,0.0696372
71,97,0.10078
72,73,0.0799402
72,74,0.0749567
72,75,0.0954818
72,76,0.0817227
72,77,0.112027
72,78,0.0821575
72,79,0.114872
72,80,0.106774
72,81,0.072108
72,82,0.137952
72,83,0.0890323
72,84,0.0942392
72,85,0.0858759
72,86,0.12207
72,87,0.096668
72,88,0.117968
72,89,0.135188
72,90,0.0887812
72,91,0.0987551
72,92,0.11936
72,93,0.0726601
72,94,0.133659
72,95,0.0844983
72,96,0.0798047
72,97,0.110574
73,74,0.0699614
73,75,0.0763056
73,76,0.0681355
73,77,0.095584
73,78,0.0684452
73,79,0.0944151
73,80,0.0849478
73,81,0.0874427
73,82,0.12985
73,83,0.063231
73,84,0.065903
73,85,0.068051
73,86,0.102847
73,87,0.0693153
73,88,0.108425
73,89,0.125013
73,90,0.0631395
73,91,0.0728194
73,92,0.100472
73,93,0.051443
73,94,0.118353
73,95,0.061641
73,96,0.0692931
73,97,0.0967556
74,75,0.084041
74,76,0.072203
74,77,0.102567
74,78,0.0723795
74,79,0.100447
74,80,0.0884074
74,81,0.0640426
74,82,0.117825
74,83,0.0776679
74,84,0.074498
74,85,0.0768328
74,86,0.104966
74,87,0.0804034
74,88,0.102165
74,89,0.115615
74,90,0.0778756
74,91,0.0803255
74,92,0.107616
74,93,0.0685302
74,94,0.114034
74,95,0.0772817
74,96,0.0804005
74,97,0.0951189
75,76,0.051557
75,77,0.127687
75,78,0.0224144
75,79,0.116686
75,80,0.0950913
75,81,0.0874178
75,82,0.128757
75,83,0.0717832
75,84,0.0670096
75,85,0.0912699
75,86,0.115365
75,87,0.0711423
75,88,0.134315
75,89,0.142806
75,90,0.0565646
75,91,0.0788752
75,92,0.119935
75,93,0.0569984
75,94,0.130857
75,95,0.0669639
75,96,0.0751303
75,97,0.0906165
76,77,0.109159
76,78,0.05268
76,79,0.0986551
76,80,0.0936548
76,81,0.0854566
76,82,0.134649
76,83,0.0640411
76,84,0.0572168
76,85,0.0607266
76,86,0.113687
76,87,0.0594562
76,88,0.123263
76,89,0.135477
76,90,0.056549
76,91,0.0696863
76,92,0.116641
76,93,0.0571112
76,94,0.125734
76,95,0.0715968
76,96,0.0781051
76,97,0.0811311
77,78,0.0913549
77,79,0.127853
77,80,0.084296
77,81,0.120433
77,82,0.126008
77,83,0.0927247
77,84,0.124761
77,85,0.125129
77,86,0.0712172
77,87,0.12247
77,88,0.0641278
77,89,0.139434
77,90,0.0978332
77,91,0.116622
77,92,0.0713987
77,93,0.100622
77,94,0.124089
77,95,0.109356
77,96,0.120837
77,97,0.0978684
78,79,0.0983547
78,80,0.0823333
78,81,0.0857531
78,82,0.118685
78,83,0.0676554
78,84,0.0653908
78,85,0.0665552
78,86,0.108385
78,87,0.0688028
78,88,0.110477
78,89,0.1212
78,90,0.0576833
78,91,0.0630071
78,92,0.104967
78,93,0.062086
78,94,0.121609
78,95,0.0703757
78,96,0.0761886
78,97,0.081219
79,80,0.0986525
79,81,0.122191
79,82,0.135917
79,83,0.099879
79,84,0.111978
79,85,0.121217
79,86,0.110467
79,87,0.11632
79,88,0.123728
79,89,0.152782
79,90,0.101798
79,91,0.118258
79,92,0.119398
79,93,0.0947627
79,94,0.129547
79,95,0.117299
79,96,0.118666
79,97,0.118664
80,81,0.098982
80,82,0.143157
80,83,0.0997388
80,84,0.100942
80,85,0.0925432
80,86,0.0831795
80,87,0.108114
80,88,0.0826423
80,89,0.142073
80,90,0.0866764
80,91,0.101051
80,92,0.0829004
80,93,0.0913568
80,94,0.134624
80,95,0.0915448
80,96,0.102496
80,97,0.0861022
81,82,0.140987
81,83,0.0932198
81,84,0.0899257
81,85,0.0852478
81,86,0.125289
81,87,0.0971389
81,88,0.118805
81,89,0.137514
81,90,0.0953739
81,91,0.0884279
81,92,0.128414
81,93,0.0752226
81,94,0.135458
81,95,0.0834936
81,96,0.0876047
81,97,0.102145
82,83,0.120803
82,84,0.141475
82,85,0.136208
82,86,0.137807
82,87,0.144115
82,88,0.11416
82,89,0.00333063
82,90,0.133839
82,91,0.147383
82,92,0.135679
82,93,0.118923
82,94,0.0159359
82,95,0.135891
82,96,0.13718
82,97,0.13841
83,84,0.0765053
83,85,0.0763708
83,86,0.0966056
83,87,0.081054
83,88,0.0996083
83,89,0.118432
83,90,0.0717936
83,91,0.0809869
83,92,0.0886085
83,93,0.0639722
83,94,0.120608
83,95,0.080726
83,96,0.0868025
83,97,0.09654
84,85,0.0922166
84,86,0.121836
84,87,0.0136424
84,88,0.135196
84,89,0.143051
84,90,0.0693201
84,91,0.0837144
84,92,0.117936
84,93,0.0641793
84,94,0.133273
84,95,0.0693272
84,96,0.0788007
84,97,0.0992881
85,86,0.108815
85,87,0.0975374
85,88,0.129227
85,89,0.143462
85,90,0.0693235
85,91,0.0811354
85,92,0.108845
85,93,0.0618223
85,94,0.130878
85,95,0.0706608
85,96,0.0707888
85,97,0.105632
86,87,0.124484
86,88,0.0799879
86,89,0.130211
86,90,0.114343
86,91,0.129185
86,92,0.0830438
86,93,0.109861
86,94,0.131418
86,95,0.119281
86,96,0.1275
86,97,0.106595
87,88,0.141586
87,89,0.146993
87,90,0.0775345
87,91,0.0859051
87,92,0.121528
87,93,0.0701598
87,94,0.135745
87,95,0.0751523
87,96,0.0811224
87,97,0.0968076
88,89,0.12099
88,90,0.111442
88,91,0.129077
88,92,0.074273
88,93,0.117376
88,94,0.107856
88,95,0.111667
88,96,0.1215
88,97,0.119967
89,90,0.135083
89,91,0.143826
89,92,0.135672
89,93,0.118149
89,94,0.0158974
89,95,0.131148
89,96,0.13418
89,97,0.141664
90,91,0.0778588
90,92,0.106956
90,93,0.0617271
90,94,0.131966
90,95,0.0733207
90,96,0.0780425
90,97,0.0887648
91,92,0.111673
91,93,0.0725154
91,94,0.138411
91,95,0.0796003
91,96,0.0928598
91,97,0.0931587
92,93,0.108394
92,94,0.130469
92,95,0.107825
92,96,0.114368
92,97,0.106493
93,94,0.114239
93,95,0.0595317
93,96,0.066697
93,97,0.088096
94,95,0.133204
94,96,0.13337
94,97,0.130226
95,96,0.0157007
95,97,0.095481
96,97,0.105621
